-- phpMyAdmin SQL Dump
-- version 5.0.4
-- https://www.phpmyadmin.net/
--
-- Servidor: 127.0.0.1
-- Tiempo de generación: 17-04-2021 a las 20:48:37
-- Versión del servidor: 10.4.17-MariaDB
-- Versión de PHP: 8.0.2

SET SQL_MODE = "NO_AUTO_VALUE_ON_ZERO";
START TRANSACTION;
SET time_zone = "+00:00";


/*!40101 SET @OLD_CHARACTER_SET_CLIENT=@@CHARACTER_SET_CLIENT */;
/*!40101 SET @OLD_CHARACTER_SET_RESULTS=@@CHARACTER_SET_RESULTS */;
/*!40101 SET @OLD_COLLATION_CONNECTION=@@COLLATION_CONNECTION */;
/*!40101 SET NAMES utf8mb4 */;

--
-- Base de datos: `iesalandalus`
--

-- --------------------------------------------------------

--
-- Estructura de tabla para la tabla `ies_alumno`
--

CREATE TABLE `ies_alumno` (
  `id` int(3) NOT NULL,
  `usuario` varchar(20) NOT NULL,
  `pass` varchar(60) NOT NULL,
  `nombre` varchar(100) NOT NULL,
  `apellidos` varchar(100) NOT NULL,
  `telefono` int(9) DEFAULT NULL,
  `email` varchar(100) NOT NULL,
  `curso` int(3) NOT NULL,
  `activo` tinyint(1) NOT NULL,
  `ultimo_login` varchar(20) NOT NULL
) ENGINE=InnoDB DEFAULT CHARSET=utf8;

--
-- Volcado de datos para la tabla `ies_alumno`
--

INSERT INTO `ies_alumno` (`id`, `usuario`, `pass`, `nombre`, `apellidos`, `telefono`, `email`, `curso`, `activo`, `ultimo_login`) VALUES
(2, '@aida2', '$2y$10$NbWw96ZQV1nJJK0htugEG.7olQpmKab4xlYx9S4kDOdriKCiVmzyK', 'Aida', 'De la Pena Fernández', NULL, '', 7, 1, '17/04/21 a las 20:12'),
(3, '@hugo3', '$2y$10$NbWw96ZQV1nJJK0htugEG.7olQpmKab4xlYx9S4kDOdriKCiVmzyK', 'Hugo', 'Domínguez Rincón', NULL, '', 7, 1, '09/02/21 a las 21:47'),
(4, '@dorian4', '$2y$10$NbWw96ZQV1nJJK0htugEG.7olQpmKab4xlYx9S4kDOdriKCiVmzyK', 'Dorian', 'Hernández Bautista', NULL, '', 7, 1, ''),
(5, '@franciscojavier5', '$2y$10$NbWw96ZQV1nJJK0htugEG.7olQpmKab4xlYx9S4kDOdriKCiVmzyK', 'Francisco Javier', 'Hernández Medina', NULL, '', 7, 1, ''),
(7, '@estefania7', '$2y$10$NbWw96ZQV1nJJK0htugEG.7olQpmKab4xlYx9S4kDOdriKCiVmzyK', 'Estefanía', 'Ruiz Merelo', NULL, '', 7, 1, ''),
(8, '@aida8', '$2y$10$NbWw96ZQV1nJJK0htugEG.7olQpmKab4xlYx9S4kDOdriKCiVmzyK', 'Aida', 'Vargas Cara', NULL, '', 7, 1, ''),
(9, '@rafael9', '$2y$10$NbWw96ZQV1nJJK0htugEG.7olQpmKab4xlYx9S4kDOdriKCiVmzyK', 'Rafael', 'Galdeano Pomares', NULL, '', 8, 1, ''),
(10, '@sergio10', '$2y$10$NbWw96ZQV1nJJK0htugEG.7olQpmKab4xlYx9S4kDOdriKCiVmzyK', 'Sergio', 'García Rodríguez', NULL, '', 8, 0, '09/02/21 a las 21:48'),
(11, '@iratxe11', '$2y$10$NbWw96ZQV1nJJK0htugEG.7olQpmKab4xlYx9S4kDOdriKCiVmzyK', 'Iratxe', 'Guerra Bonet', NULL, '', 8, 1, ''),
(12, '@lidia12', '$2y$10$NbWw96ZQV1nJJK0htugEG.7olQpmKab4xlYx9S4kDOdriKCiVmzyK', 'Lidia', 'Lupión Peralta', NULL, '', 8, 1, ''),
(13, '@adrian13', '$2y$10$NbWw96ZQV1nJJK0htugEG.7olQpmKab4xlYx9S4kDOdriKCiVmzyK', 'Adrián', 'Peña Pomares', NULL, '', 8, 1, ''),
(14, '@imad14', '$2y$10$NbWw96ZQV1nJJK0htugEG.7olQpmKab4xlYx9S4kDOdriKCiVmzyK', 'Imad', 'Benakri', NULL, '', 10, 0, ''),
(15, '@antoniojavier15', '$2y$10$NbWw96ZQV1nJJK0htugEG.7olQpmKab4xlYx9S4kDOdriKCiVmzyK', 'Antonio Javier', 'Fernández Sánchez', NULL, '', 10, 0, ''),
(16, '@ana16', '$2y$10$NbWw96ZQV1nJJK0htugEG.7olQpmKab4xlYx9S4kDOdriKCiVmzyK', 'Ana', 'Jiménez Manzano', NULL, '', 10, 0, ''),
(17, '@luis17', '$2y$10$NbWw96ZQV1nJJK0htugEG.7olQpmKab4xlYx9S4kDOdriKCiVmzyK', 'Luis', 'Rodríguez García', NULL, '', 10, 1, ''),
(18, '@kevin18', '$2y$10$NbWw96ZQV1nJJK0htugEG.7olQpmKab4xlYx9S4kDOdriKCiVmzyK', 'Kevin', 'Suárez Ruiz', NULL, '', 10, 1, '06/04/21 a las 23:46'),
(19, '@alba19', '$2y$10$NbWw96ZQV1nJJK0htugEG.7olQpmKab4xlYx9S4kDOdriKCiVmzyK', 'Alba', 'Amador Heredia', NULL, '', 1, 1, ''),
(20, '@moises20', '$2y$10$NbWw96ZQV1nJJK0htugEG.7olQpmKab4xlYx9S4kDOdriKCiVmzyK', 'Moisés', 'Amador Heredia', NULL, '', 1, 0, '09/04/21 a las 13:37'),
(21, '@josegabriel21', '$2y$10$NbWw96ZQV1nJJK0htugEG.7olQpmKab4xlYx9S4kDOdriKCiVmzyK', 'José Gabriel', 'Barranco Fernández', NULL, '', 1, 1, ''),
(22, '@ramon22', '$2y$10$NbWw96ZQV1nJJK0htugEG.7olQpmKab4xlYx9S4kDOdriKCiVmzyK', 'Ramón', 'Fernández Cortés', NULL, '', 1, 1, ''),
(23, '@gloria23', '$2y$10$NbWw96ZQV1nJJK0htugEG.7olQpmKab4xlYx9S4kDOdriKCiVmzyK', 'Gloria', 'Fernández Fernández', NULL, '', 1, 1, ''),
(24, '@joseantonio24', '$2y$10$NbWw96ZQV1nJJK0htugEG.7olQpmKab4xlYx9S4kDOdriKCiVmzyK', 'José Antonio', 'Fernández Heredia', NULL, '', 1, 1, ''),
(25, '@mariaconcepcion25', '$2y$10$NbWw96ZQV1nJJK0htugEG.7olQpmKab4xlYx9S4kDOdriKCiVmzyK', 'María Concepción', 'Fernández Heredia', NULL, '', 1, 1, ''),
(26, '@gema26', '$2y$10$NbWw96ZQV1nJJK0htugEG.7olQpmKab4xlYx9S4kDOdriKCiVmzyK', 'Gema', 'Fornieles Torres', NULL, '', 1, 1, ''),
(27, '@purificacion27', '$2y$10$NbWw96ZQV1nJJK0htugEG.7olQpmKab4xlYx9S4kDOdriKCiVmzyK', 'Purificación', 'Garcés Heredia', NULL, '', 1, 1, ''),
(28, '@jose28', '$2y$10$NbWw96ZQV1nJJK0htugEG.7olQpmKab4xlYx9S4kDOdriKCiVmzyK', 'José', 'Gómez Moreno', NULL, '', 1, 1, ''),
(29, '@baldomero29', '$2y$10$NbWw96ZQV1nJJK0htugEG.7olQpmKab4xlYx9S4kDOdriKCiVmzyK', 'Baldomero', 'Heredia Cortés', NULL, '', 1, 1, ''),
(30, '@aroa30', '$2y$10$NbWw96ZQV1nJJK0htugEG.7olQpmKab4xlYx9S4kDOdriKCiVmzyK', 'Aroa', 'Ruiz Merelo', NULL, '', 1, 1, ''),
(31, '@purificacion31', '$2y$10$NbWw96ZQV1nJJK0htugEG.7olQpmKab4xlYx9S4kDOdriKCiVmzyK', 'Purificación', 'Santiago Fernández', NULL, '', 1, 1, ''),
(32, '@julia32', '$2y$10$NbWw96ZQV1nJJK0htugEG.7olQpmKab4xlYx9S4kDOdriKCiVmzyK', 'Julia', 'Utrera Puga', NULL, '', 1, 1, ''),
(33, '@maria33', '$2y$10$NbWw96ZQV1nJJK0htugEG.7olQpmKab4xlYx9S4kDOdriKCiVmzyK', 'María', 'Amador Heredia', NULL, '', 2, 1, ''),
(34, '@marina34', '$2y$10$NbWw96ZQV1nJJK0htugEG.7olQpmKab4xlYx9S4kDOdriKCiVmzyK', 'Marina', 'Amador Heredia', NULL, '', 2, 1, ''),
(35, '@josefrancisco35', '$2y$10$NbWw96ZQV1nJJK0htugEG.7olQpmKab4xlYx9S4kDOdriKCiVmzyK', 'José Francisco', 'Fernández Cortés', NULL, '', 2, 1, ''),
(36, '@mariasoledad36', '$2y$10$NbWw96ZQV1nJJK0htugEG.7olQpmKab4xlYx9S4kDOdriKCiVmzyK', 'María Soledad', 'Fernández Cortés', NULL, '', 2, 1, ''),
(37, '@saray37', '$2y$10$NbWw96ZQV1nJJK0htugEG.7olQpmKab4xlYx9S4kDOdriKCiVmzyK', 'Saray', 'Fernández Fernández', NULL, '', 2, 1, ''),
(38, '@raul38', '$2y$10$NbWw96ZQV1nJJK0htugEG.7olQpmKab4xlYx9S4kDOdriKCiVmzyK', 'Raúl', 'García Capilla', NULL, '', 2, 1, ''),
(39, '@antonia39', '$2y$10$NbWw96ZQV1nJJK0htugEG.7olQpmKab4xlYx9S4kDOdriKCiVmzyK', 'Antonia', 'Gómez Fernández', NULL, '', 2, 1, ''),
(40, '@yinara40', '$2y$10$NbWw96ZQV1nJJK0htugEG.7olQpmKab4xlYx9S4kDOdriKCiVmzyK', 'Yinara', 'Gómez Heredia', NULL, '', 2, 0, ''),
(41, '@giovani41', '$2y$10$NbWw96ZQV1nJJK0htugEG.7olQpmKab4xlYx9S4kDOdriKCiVmzyK', 'Giovani', 'Heredia Fernández', NULL, '', 2, 1, ''),
(42, '@francisco42', '$2y$10$NbWw96ZQV1nJJK0htugEG.7olQpmKab4xlYx9S4kDOdriKCiVmzyK', 'Francisco', 'Heredia Heredia', NULL, '', 2, 1, ''),
(43, '@juanjose43', '$2y$10$NbWw96ZQV1nJJK0htugEG.7olQpmKab4xlYx9S4kDOdriKCiVmzyK', 'Juan José', 'Jiménez Padilla', NULL, '', 2, 1, ''),
(44, '@ivan44', '$2y$10$NbWw96ZQV1nJJK0htugEG.7olQpmKab4xlYx9S4kDOdriKCiVmzyK', 'Iván', 'Ruiz Peralta', NULL, '', 2, 1, ''),
(45, '@francisco45', '$2y$10$NbWw96ZQV1nJJK0htugEG.7olQpmKab4xlYx9S4kDOdriKCiVmzyK', 'Francisco', 'Santiago Fernández', NULL, '', 2, 1, ''),
(46, '@yandira46', '$2y$10$NbWw96ZQV1nJJK0htugEG.7olQpmKab4xlYx9S4kDOdriKCiVmzyK', 'Yandira', 'Barrionuevo González', NULL, '', 9, 1, ''),
(47, '@daniel47', '$2y$10$NbWw96ZQV1nJJK0htugEG.7olQpmKab4xlYx9S4kDOdriKCiVmzyK', 'Daniel', 'Barroso Hermoso', NULL, '', 9, 1, ''),
(48, '@gadordelpilar48', '$2y$10$NbWw96ZQV1nJJK0htugEG.7olQpmKab4xlYx9S4kDOdriKCiVmzyK', 'Gádor del Pilar', 'Céspedes Fernández', NULL, '', 9, 1, ''),
(49, '@samara49', '$2y$10$NbWw96ZQV1nJJK0htugEG.7olQpmKab4xlYx9S4kDOdriKCiVmzyK', 'Samara', 'Cortés Heredia', NULL, '', 9, 0, ''),
(50, '@mariaemilia50', '$2y$10$NbWw96ZQV1nJJK0htugEG.7olQpmKab4xlYx9S4kDOdriKCiVmzyK', 'María Emilia', 'Fernández Cortés', NULL, '', 9, 1, ''),
(51, '@clara51', '$2y$10$NbWw96ZQV1nJJK0htugEG.7olQpmKab4xlYx9S4kDOdriKCiVmzyK', 'Clara', 'Fernández Fernández', NULL, '', 9, 1, ''),
(52, '@concepcion52', '$2y$10$NbWw96ZQV1nJJK0htugEG.7olQpmKab4xlYx9S4kDOdriKCiVmzyK', 'Concepción', 'Heredia Fernández', NULL, '', 9, 1, ''),
(53, '@nor53', '$2y$10$NbWw96ZQV1nJJK0htugEG.7olQpmKab4xlYx9S4kDOdriKCiVmzyK', 'Nor', 'Mennai', NULL, '', 9, 1, ''),
(54, '@jennifer54', '$2y$10$NbWw96ZQV1nJJK0htugEG.7olQpmKab4xlYx9S4kDOdriKCiVmzyK', 'Jennifer', 'Milán Barskikh', NULL, '', 9, 1, ''),
(55, '@cristian55', '$2y$10$NbWw96ZQV1nJJK0htugEG.7olQpmKab4xlYx9S4kDOdriKCiVmzyK', 'Cristian', 'Montes López', NULL, '', 9, 1, ''),
(56, '@elena56', '$2y$10$NbWw96ZQV1nJJK0htugEG.7olQpmKab4xlYx9S4kDOdriKCiVmzyK', 'Elena', 'Moral Callejón', NULL, '', 9, 1, ''),
(57, '@hamza57', '$2y$10$NbWw96ZQV1nJJK0htugEG.7olQpmKab4xlYx9S4kDOdriKCiVmzyK', 'Hamza', 'Ouadi Bouziane', NULL, '', 9, 1, ''),
(58, '@mirian58', '$2y$10$NbWw96ZQV1nJJK0htugEG.7olQpmKab4xlYx9S4kDOdriKCiVmzyK', 'Mirian', 'Pérez Jiménez', NULL, '', 9, 1, ''),
(59, '@robertocarlos59', '$2y$10$NbWw96ZQV1nJJK0htugEG.7olQpmKab4xlYx9S4kDOdriKCiVmzyK', 'Roberto Carlos', 'Soto Heredia', NULL, '', 9, 1, ''),
(60, '@rebeca60', '$2y$10$NbWw96ZQV1nJJK0htugEG.7olQpmKab4xlYx9S4kDOdriKCiVmzyK', 'Rebeca', 'Utrera Cortés', NULL, '', 9, 0, ''),
(61, '@lucia61', '$2y$10$NbWw96ZQV1nJJK0htugEG.7olQpmKab4xlYx9S4kDOdriKCiVmzyK', 'Lucía', 'Villegas Castillo', NULL, '', 9, 1, ''),
(62, '@ciprianionut62', '$2y$10$NbWw96ZQV1nJJK0htugEG.7olQpmKab4xlYx9S4kDOdriKCiVmzyK', 'Ciprian Ionut', 'Andreies', NULL, '', 3, 1, ''),
(63, '@lucia63', '$2y$10$NbWw96ZQV1nJJK0htugEG.7olQpmKab4xlYx9S4kDOdriKCiVmzyK', 'Lucía', 'Cortes Fernández', NULL, '', 3, 1, ''),
(64, '@ainhoa64', '$2y$10$NbWw96ZQV1nJJK0htugEG.7olQpmKab4xlYx9S4kDOdriKCiVmzyK', 'Ainhoa', 'Cortés Heredia', NULL, '', 3, 1, ''),
(65, '@albamaria65', '$2y$10$NbWw96ZQV1nJJK0htugEG.7olQpmKab4xlYx9S4kDOdriKCiVmzyK', 'Alba María', 'Cortés Heredia', NULL, '', 3, 1, ''),
(66, '@yassin66', '$2y$10$NbWw96ZQV1nJJK0htugEG.7olQpmKab4xlYx9S4kDOdriKCiVmzyK', 'Yassin', 'El Assaly El Ammari', NULL, '', 3, 0, ''),
(67, '@ismael67', '$2y$10$NbWw96ZQV1nJJK0htugEG.7olQpmKab4xlYx9S4kDOdriKCiVmzyK', 'Ismael', 'Fernández Chergui', NULL, '', 3, 1, ''),
(68, '@antoniojose68', '$2y$10$NbWw96ZQV1nJJK0htugEG.7olQpmKab4xlYx9S4kDOdriKCiVmzyK', 'Antonio José', 'Fernández Fernández', NULL, '', 3, 1, ''),
(69, '@mariadelcarmen69', '$2y$10$NbWw96ZQV1nJJK0htugEG.7olQpmKab4xlYx9S4kDOdriKCiVmzyK', 'María del Carmen', 'Fernández Fernández', NULL, '', 3, 1, ''),
(70, '@jose70', '$2y$10$NbWw96ZQV1nJJK0htugEG.7olQpmKab4xlYx9S4kDOdriKCiVmzyK', 'José', 'Fernández Heredia', NULL, '', 3, 1, ''),
(71, '@antoniojose71', '$2y$10$NbWw96ZQV1nJJK0htugEG.7olQpmKab4xlYx9S4kDOdriKCiVmzyK', 'Antonio José', 'García Díaz', NULL, '', 3, 1, ''),
(72, '@carmendolores72', '$2y$10$NbWw96ZQV1nJJK0htugEG.7olQpmKab4xlYx9S4kDOdriKCiVmzyK', 'Carmen Dolores', 'Gómez Cortés', NULL, '', 3, 1, ''),
(73, '@emilia73', '$2y$10$NbWw96ZQV1nJJK0htugEG.7olQpmKab4xlYx9S4kDOdriKCiVmzyK', 'Emilia', 'Gómez Fernández', NULL, '', 3, 0, ''),
(74, '@bonifaciojavier74', '$2y$10$NbWw96ZQV1nJJK0htugEG.7olQpmKab4xlYx9S4kDOdriKCiVmzyK', 'Bonifacio Javier', 'González Torres', NULL, '', 3, 1, ''),
(75, '@robertocarlos75', '$2y$10$NbWw96ZQV1nJJK0htugEG.7olQpmKab4xlYx9S4kDOdriKCiVmzyK', 'Roberto Carlos', 'Guglieri Rodríguez', NULL, '', 3, 1, ''),
(76, '@raul76', '$2y$10$NbWw96ZQV1nJJK0htugEG.7olQpmKab4xlYx9S4kDOdriKCiVmzyK', 'Raúl', 'Guillén Salinas', NULL, '', 3, 0, ''),
(77, '@alexandro77', '$2y$10$NbWw96ZQV1nJJK0htugEG.7olQpmKab4xlYx9S4kDOdriKCiVmzyK', 'Alexandro', 'Heredia Cortés', NULL, '', 3, 1, ''),
(78, '@gabriela78', '$2y$10$NbWw96ZQV1nJJK0htugEG.7olQpmKab4xlYx9S4kDOdriKCiVmzyK', 'Gabriela', 'Heredia Fernández', NULL, '', 3, 1, ''),
(79, '@gabriela79', '$2y$10$NbWw96ZQV1nJJK0htugEG.7olQpmKab4xlYx9S4kDOdriKCiVmzyK', 'Gabriela', 'Heredia Fernández', NULL, '', 3, 1, ''),
(80, '@baldomero80', '$2y$10$NbWw96ZQV1nJJK0htugEG.7olQpmKab4xlYx9S4kDOdriKCiVmzyK', 'Baldomero', 'Heredia Heredia', NULL, '', 3, 1, ''),
(81, '@franciscojose81', '$2y$10$NbWw96ZQV1nJJK0htugEG.7olQpmKab4xlYx9S4kDOdriKCiVmzyK', 'Francisco José', 'Heredia Heredia', NULL, '', 3, 1, ''),
(82, '@mariatrinidad82', '$2y$10$NbWw96ZQV1nJJK0htugEG.7olQpmKab4xlYx9S4kDOdriKCiVmzyK', 'María Trinidad', 'López Cortés', NULL, '', 3, 0, ''),
(83, '@ainara83', '$2y$10$NbWw96ZQV1nJJK0htugEG.7olQpmKab4xlYx9S4kDOdriKCiVmzyK', 'Ainara', 'Pérez Muñoz', NULL, '', 3, 0, ''),
(84, '@triana84', '$2y$10$NbWw96ZQV1nJJK0htugEG.7olQpmKab4xlYx9S4kDOdriKCiVmzyK', 'Triana', 'Reyes López', NULL, '', 3, 0, ''),
(85, '@maria85', '$2y$10$NbWw96ZQV1nJJK0htugEG.7olQpmKab4xlYx9S4kDOdriKCiVmzyK', 'María', 'Rodríguez Fernández', NULL, '', 3, 1, ''),
(86, '@franciscojose86', '$2y$10$NbWw96ZQV1nJJK0htugEG.7olQpmKab4xlYx9S4kDOdriKCiVmzyK', 'Francisco José', 'Ruiz Heredia', NULL, '', 3, 1, ''),
(87, '@francisca87', '$2y$10$NbWw96ZQV1nJJK0htugEG.7olQpmKab4xlYx9S4kDOdriKCiVmzyK', 'Francisca', 'Santiago Fernández', NULL, '', 3, 1, ''),
(88, '@diego88', '$2y$10$NbWw96ZQV1nJJK0htugEG.7olQpmKab4xlYx9S4kDOdriKCiVmzyK', 'Diego', 'Santiago Heredia', NULL, '', 3, 1, ''),
(89, '@mariadolores89', '$2y$10$NbWw96ZQV1nJJK0htugEG.7olQpmKab4xlYx9S4kDOdriKCiVmzyK', 'María Dolores', 'Torres Torres', NULL, '', 3, 1, ''),
(90, '@cristian90', '$2y$10$NbWw96ZQV1nJJK0htugEG.7olQpmKab4xlYx9S4kDOdriKCiVmzyK', 'Cristian', 'Vargas Aguilera', NULL, '', 3, 1, ''),
(91, '@yanira91', '$2y$10$NbWw96ZQV1nJJK0htugEG.7olQpmKab4xlYx9S4kDOdriKCiVmzyK', 'Yanira', 'Vargas Escudero', NULL, '', 3, 1, ''),
(92, '@candida92', '$2y$10$NbWw96ZQV1nJJK0htugEG.7olQpmKab4xlYx9S4kDOdriKCiVmzyK', 'Cándida', 'Barranco Rodríguez', NULL, '', 5, 1, ''),
(93, '@miguelangel93', '$2y$10$NbWw96ZQV1nJJK0htugEG.7olQpmKab4xlYx9S4kDOdriKCiVmzyK', 'Miguel Ángel', 'Boucetta Mayor', NULL, '', 5, 1, ''),
(94, '@Victorjose94', '$2y$10$NbWw96ZQV1nJJK0htugEG.7olQpmKab4xlYx9S4kDOdriKCiVmzyK', 'Víctor José', 'Fernández Bonilla', NULL, '', 5, 1, ''),
(95, '@franciscomiguel95', '$2y$10$NbWw96ZQV1nJJK0htugEG.7olQpmKab4xlYx9S4kDOdriKCiVmzyK', 'Francisco Miguel', 'Fernández Cabrera', NULL, '', 5, 1, ''),
(96, '@indalecio96', '$2y$10$NbWw96ZQV1nJJK0htugEG.7olQpmKab4xlYx9S4kDOdriKCiVmzyK', 'Indalecio', 'Gómez Cortés', NULL, '', 5, 1, ''),
(97, '@susana97', '$2y$10$NbWw96ZQV1nJJK0htugEG.7olQpmKab4xlYx9S4kDOdriKCiVmzyK', 'Susana', 'González Limonchi', NULL, '', 5, 1, ''),
(98, '@ivan98', '$2y$10$NbWw96ZQV1nJJK0htugEG.7olQpmKab4xlYx9S4kDOdriKCiVmzyK', 'Iván', 'Heredia Cortés', NULL, '', 5, 0, ''),
(99, '@david99', '$2y$10$NbWw96ZQV1nJJK0htugEG.7olQpmKab4xlYx9S4kDOdriKCiVmzyK', 'David', 'Heredia Fernández', NULL, '', 5, 1, ''),
(100, '@josemanuel100', '$2y$10$NbWw96ZQV1nJJK0htugEG.7olQpmKab4xlYx9S4kDOdriKCiVmzyK', 'José Manuel', 'Jiménez López', NULL, '', 5, 1, ''),
(101, '@alejandro101', '$2y$10$NbWw96ZQV1nJJK0htugEG.7olQpmKab4xlYx9S4kDOdriKCiVmzyK', 'Alejandro', 'Marfil Torres', NULL, '', 5, 1, ''),
(102, '@izan102', '$2y$10$NbWw96ZQV1nJJK0htugEG.7olQpmKab4xlYx9S4kDOdriKCiVmzyK', 'Izan', 'Martínez Heredia', NULL, '', 5, 1, ''),
(103, '@lucia103', '$2y$10$NbWw96ZQV1nJJK0htugEG.7olQpmKab4xlYx9S4kDOdriKCiVmzyK', 'Lucía', 'Padilla López', NULL, '', 5, 1, ''),
(104, '@albamaria104', '$2y$10$NbWw96ZQV1nJJK0htugEG.7olQpmKab4xlYx9S4kDOdriKCiVmzyK', 'Alba María', 'Salinas López', NULL, '', 5, 1, ''),
(105, '@jeffrie105', '$2y$10$NbWw96ZQV1nJJK0htugEG.7olQpmKab4xlYx9S4kDOdriKCiVmzyK', 'Jeffrie', 'Sánchez Fernández', NULL, '', 5, 1, ''),
(106, '@carmennicoleta106', '$2y$10$NbWw96ZQV1nJJK0htugEG.7olQpmKab4xlYx9S4kDOdriKCiVmzyK', 'Carmen Nicoleta', 'Toader', NULL, '', 5, 1, ''),
(107, '@ainhoa107', '$2y$10$NbWw96ZQV1nJJK0htugEG.7olQpmKab4xlYx9S4kDOdriKCiVmzyK', 'Ainhoa', 'Torres Campoy', NULL, '', 5, 0, ''),
(108, '@sandra108', '$2y$10$NbWw96ZQV1nJJK0htugEG.7olQpmKab4xlYx9S4kDOdriKCiVmzyK', 'Sandra', 'Torres Fernández', NULL, '', 5, 1, ''),
(109, '@lucia109', '$2y$10$NbWw96ZQV1nJJK0htugEG.7olQpmKab4xlYx9S4kDOdriKCiVmzyK', 'Lucía', 'Von Hagen Limonchi', NULL, '', 5, 1, ''),
(110, '@josestephano110', '$2y$10$NbWw96ZQV1nJJK0htugEG.7olQpmKab4xlYx9S4kDOdriKCiVmzyK', 'José Stephano', 'Castañeda Sánchez', NULL, '', 6, 1, ''),
(111, '@yainara111', '$2y$10$NbWw96ZQV1nJJK0htugEG.7olQpmKab4xlYx9S4kDOdriKCiVmzyK', 'Yainara', 'Cortés Cortés', NULL, '', 6, 1, ''),
(112, '@rosaisabel112', '$2y$10$NbWw96ZQV1nJJK0htugEG.7olQpmKab4xlYx9S4kDOdriKCiVmzyK', 'Rosa Isabel', 'Domínguez López', NULL, '', 6, 1, ''),
(113, '@cristian113', '$2y$10$NbWw96ZQV1nJJK0htugEG.7olQpmKab4xlYx9S4kDOdriKCiVmzyK', 'Cristian', 'Fernández Cortés', NULL, '', 6, 1, ''),
(114, '@gabriela114', '$2y$10$NbWw96ZQV1nJJK0htugEG.7olQpmKab4xlYx9S4kDOdriKCiVmzyK', 'Gabriela', 'Gómez Moreno', NULL, '', 6, 1, ''),
(115, '@juanmanuel115', '$2y$10$NbWw96ZQV1nJJK0htugEG.7olQpmKab4xlYx9S4kDOdriKCiVmzyK', 'Juan Manuel', 'Heredia Cortés', NULL, '', 6, 1, ''),
(116, '@franciscoramon116', '$2y$10$NbWw96ZQV1nJJK0htugEG.7olQpmKab4xlYx9S4kDOdriKCiVmzyK', 'Francisco Ramón', 'Heredia Fernández', NULL, '', 6, 1, ''),
(117, '@lola117', '$2y$10$NbWw96ZQV1nJJK0htugEG.7olQpmKab4xlYx9S4kDOdriKCiVmzyK', 'Lola', 'Heredia Fernández', NULL, '', 6, 1, ''),
(118, '@adan118', '$2y$10$NbWw96ZQV1nJJK0htugEG.7olQpmKab4xlYx9S4kDOdriKCiVmzyK', 'Adán', 'Ibáñez Peralta', NULL, '', 6, 1, ''),
(119, '@juanmiguel119', '$2y$10$NbWw96ZQV1nJJK0htugEG.7olQpmKab4xlYx9S4kDOdriKCiVmzyK', 'Juan Miguel', 'López Padilla', NULL, '', 6, 0, ''),
(120, '@marina120', '$2y$10$NbWw96ZQV1nJJK0htugEG.7olQpmKab4xlYx9S4kDOdriKCiVmzyK', 'Marina', 'Sánchez Campoy', NULL, '', 6, 1, '09/02/21 a las 20:03'),
(121, '@ilyass121', '$2y$10$NbWw96ZQV1nJJK0htugEG.7olQpmKab4xlYx9S4kDOdriKCiVmzyK', 'Ilyass', 'Tahiri', NULL, '', 6, 1, ''),
(122, '@alexandraflorentin1', '$2y$10$NbWw96ZQV1nJJK0htugEG.7olQpmKab4xlYx9S4kDOdriKCiVmzyK', 'Alexandra Florentina', 'Zlotea', NULL, '', 6, 1, ''),
(123, '@joseantonio123', '$2y$10$NbWw96ZQV1nJJK0htugEG.7olQpmKab4xlYx9S4kDOdriKCiVmzyK', 'José Antonio', 'Casas López', NULL, '', 7, 1, ''),
(139, '@jesus', '$2y$10$NbWw96ZQV1nJJK0htugEG.7olQpmKab4xlYx9S4kDOdriKCiVmzyK', 'Jesus', 'Garcimartin Berbel', 950223344, 'jesus@iesalandalus.org', 7, 1, '09/02/21 a las 21:13'),
(168, '@alumnoDWESTarea06', '$2y$10$w6EI0BQtjNWIjyRhn1yS6OulT.0VPBCkwyV568ljAAI.v3HCwraAG', 'DWESTarea', 'Tarea prueba', 950223344, 'iasdif@jhkfasdlkf.es', 7, 0, '17/04/21 a las 20:21'),
(174, '@alumnoNOTAS', '$2y$10$wHsa/jXPhGScLwyCrw.HG.mXZ.HYvQDY9mncOiYJJot3ovSnkmcZK', 'alumno', 'insertar notas', 950223344, 'iasdif@jhkfasdlkf.es', 1, 1, '17/04/21 a las 19:55');

-- --------------------------------------------------------

--
-- Estructura de tabla para la tabla `ies_asignatura`
--

CREATE TABLE `ies_asignatura` (
  `id` int(3) NOT NULL,
  `nombre` varchar(100) NOT NULL,
  `nombre_corto` varchar(100) NOT NULL,
  `curso` int(3) NOT NULL
) ENGINE=InnoDB DEFAULT CHARSET=utf8;

--
-- Volcado de datos para la tabla `ies_asignatura`
--

INSERT INTO `ies_asignatura` (`id`, `nombre`, `nombre_corto`, `curso`) VALUES
(1, 'Tratamiento informático de datos', 'Trat. Info. datos', 7),
(2, 'Atención al Cliente', 'At. Cliente', 7),
(3, 'Prevención de riesgos laborales', 'Prevención de riesgos laborales', 8),
(4, 'Aplicaciones básicas de ofimática', 'Aplicaciones básicas de ofimática', 8),
(104, 'Preparación del entorno profesional', 'Preparación', 9),
(105, 'Cuidados estéticos básicos de uñas', 'Cuidados Est.', 9),
(106, 'Depilación mecánica y decoloración del vello superfluo', 'Depilación y Dec.', 9),
(107, 'Maquillaje', 'Maquillaje', 9),
(108, 'Lavado y cambios de forma del cabello', 'Lavado', 9),
(109, 'Cambio de color del cabello', 'Cambio color', 9),
(110, 'Atención al cliente', 'At. Cliente', 9),
(111, 'Ciencias aplicadas I', 'Ciencias Apl. I', 9),
(112, 'Ciencias aplicadas II', 'Ciencias Apl. II', 9),
(113, 'Comunicación y sociedad I. Inglés', 'Comun. y Soc. I - Inglés', 9),
(114, 'Comunicación y sociedad II', 'Comun. y Soc. II', 9),
(115, 'Formación en centros de trabajo', 'Form. centros', 9),
(116, 'Ciencias aplicadas I', 'Ciencias Apl. I', 7),
(117, 'Comunicación y sociedad I', 'Comun. y sociedad I', 7),
(118, 'Técnicas administrativas básicas', 'Téc. administrativas', 7),
(120, 'Archivo y comunicación', 'Archivo y comunicación', 8),
(121, 'Ciencias aplicadas II', 'Ciencias Apl. II', 8),
(122, 'Comunicación y sociedad II', 'Comunicación y sociedad II', 8),
(123, 'Formación en centros de trabajo', 'Formación en centros de trabajo', 8),
(124, 'Preparación de pedidos y venta de productos', 'Preparación de pedidos y venta de productos', 8),
(126, 'U.F. Prevención FPB', 'U.F. Prevención FPB', 8),
(127, 'Matemáticas', 'Mates', 1),
(128, 'Matemáticas', 'Mates', 3),
(129, 'Matemáticas', 'Mates', 5),
(130, 'Matemáticas', 'Mates', 6),
(131, 'Lengua', 'Lengua', 1),
(132, 'Lengua', 'Lengua', 3),
(133, 'Lengua', 'Lengua', 5),
(134, 'Lengua', 'Lengua', 6),
(135, 'Sociales', 'Sociales', 1),
(136, 'Sociales', 'Sociales', 3),
(137, 'Sociales', 'Sociales', 5),
(138, 'Música', 'Música', 1),
(139, 'Música', 'Música', 3),
(140, 'Ed. Física', 'Ed. Física', 1),
(141, 'Ed. Física', 'Ed. Física', 5),
(142, 'Plástica', 'Plást.', 1),
(143, 'Plástica', 'Plást.', 3),
(144, 'Biología', 'Biolog.', 1),
(145, 'Inglés', 'Inglés', 1),
(146, 'Inglés', 'Inglés', 3),
(147, 'Inglés', 'Inglés', 5),
(148, 'Inglés', 'Inglés', 6),
(149, 'Optativa', 'Optativa', 1),
(150, 'Optativa', 'Optativa', 3),
(154, 'Valores éticos', 'V. Éticos', 1),
(155, 'Valores éticos', 'V. Éticos', 3),
(156, 'Valores éticos', 'V. Éticos', 5),
(157, 'Matemáticas', 'Mates', 2),
(158, 'Lengua', 'Lengua', 2),
(159, 'Sociales', 'Sociales', 2),
(160, 'Música', 'Música', 2),
(161, 'Ed. Física', 'Ed. Física', 2),
(162, 'Ed. Física', 'Ed. Física', 3),
(163, 'Plástica', 'Plást.', 2),
(164, 'Biología', 'Biolog.', 2),
(165, 'Inglés', 'Inglés', 2),
(166, 'Optativa', 'Optativa', 2),
(168, 'Valores éticos', 'V. Éticos', 2),
(169, 'Física y Química', 'FyQ', 3),
(170, 'Tecnología', 'Tecno.', 3),
(171, 'Tecnología', 'Tecno.', 5),
(172, 'Tecnología', 'Tecno.', 6),
(173, 'Física y Química', 'FyQ', 5),
(174, 'Ciudadanía', 'Ciudadanía', 5),
(175, 'Libre disposición', 'Libre D.', 5),
(176, 'Optativa', 'Optativa', 5),
(177, 'Geografía', 'Geografía', 6),
(178, 'Biología', 'Biolog.', 6),
(179, 'Física y Química', 'FyQ', 6),
(180, 'Iniciación', 'Iniciación', 6),
(181, 'Ámbito de comunicación y lenguaje', 'Ámbito de comunicación y lenguaje', 10),
(182, 'Audición y Lenguaje', 'Audición y Lenguaje', 10),
(183, 'Ámbito de conocimiento corporal y de la construcción de la Identidad', 'Ámbito de conocimiento corporal y de la construcción de la Identidad', 10),
(184, 'Ámbito de conocimiento y participación en el medio físico y social', 'Ámbito de conocimiento y participación en el medio físico y social', 10),
(185, 'Orientación FBP', 'Orient.', 9),
(186, 'Orientación FBP 2º', 'Orient.', 8),
(187, 'Orientación FPB 1º', 'Orient.', 7),
(188, 'Orientación', 'Orient.', 5),
(189, 'Orientación', 'Orient.', 3),
(190, 'Orientación', 'Orient.', 2),
(191, 'Orientación', 'Orient.', 1),
(192, 'Francés', 'Francés', 1),
(193, 'Francés', 'Francés', 2),
(194, 'Francés', 'Francés', 3),
(195, 'Biología y Geología', 'Biolog. Y G.', 5),
(196, 'Religión', 'Relig.', 1),
(197, 'Religión', 'Relig.', 2),
(198, 'Religión', 'Relig.', 3),
(199, 'Religión', 'Relig.', 5),
(200, 'Religión', 'Relig.', 6),
(201, 'Taller de escritura', 'Taller Esc.', 3),
(202, 'Salud en el deporte', 'Salud Dep.', 1),
(203, 'Salud en el deporte', 'Salud Dep.', 2),
(204, 'Salud en el deporte', 'Salud Dep.', 3),
(205, 'Valores éticos', 'V. Éticos', 6),
(206, 'Música', 'Música', 6),
(207, 'Plástica', 'Plást.', 6),
(208, 'Ed. Física', 'Ed. Física', 6),
(209, 'Orientación', 'Orient.', 6),
(210, 'Comunicación y sociedad I. Lengua', 'Comun. y Soc. I - Lengua', 9),
(211, 'Comunicación y sociedad I. Sociales', 'Comun. y Soc. I - Sociales', 9);

-- --------------------------------------------------------

--
-- Estructura de tabla para la tabla `ies_avisosmeteo`
--

CREATE TABLE `ies_avisosmeteo` (
  `id` int(3) NOT NULL,
  `variable` varchar(20) NOT NULL,
  `valor` int(3) NOT NULL,
  `descripcion` varchar(250) NOT NULL
) ENGINE=InnoDB DEFAULT CHARSET=utf8mb4;

--
-- Volcado de datos para la tabla `ies_avisosmeteo`
--

INSERT INTO `ies_avisosmeteo` (`id`, `variable`, `valor`, `descripcion`) VALUES
(1, 'temperatura', 45, 'Temperatura máxima por la que el centro permanecerá cerrado por posibles desvanecimientos de los alumnos.'),
(2, 'viento', 103, 'Rachas máximas de viento en km/h por las que el centro permanecerá cerrado el día que se prevean vientos huracanados.');

-- --------------------------------------------------------

--
-- Estructura de tabla para la tabla `ies_curso`
--

CREATE TABLE `ies_curso` (
  `id` int(3) NOT NULL,
  `nombre` varchar(100) NOT NULL
) ENGINE=InnoDB DEFAULT CHARSET=utf8;

--
-- Volcado de datos para la tabla `ies_curso`
--

INSERT INTO `ies_curso` (`id`, `nombre`) VALUES
(1, '1º ESO A'),
(2, '1º ESO B'),
(3, '2º ESO'),
(5, '3º ESO'),
(6, '4º ESO'),
(7, '1º FPB Admin.'),
(8, '2º FPB Admin.'),
(9, '1º FPB Peluq.'),
(10, '1º EEUE ');

-- --------------------------------------------------------

--
-- Estructura de tabla para la tabla `ies_incidencias`
--

CREATE TABLE `ies_incidencias` (
  `id` int(11) NOT NULL,
  `profesor` int(11) NOT NULL,
  `fecha` timestamp NOT NULL DEFAULT current_timestamp() ON UPDATE current_timestamp(),
  `estado` int(2) NOT NULL,
  `detalles` text NOT NULL
) ENGINE=InnoDB DEFAULT CHARSET=utf8mb4;

--
-- Volcado de datos para la tabla `ies_incidencias`
--

INSERT INTO `ies_incidencias` (`id`, `profesor`, `fecha`, `estado`, `detalles`) VALUES
(6, 1, '2021-03-13 13:05:10', 2, 'Ya ha sido cambiada la silla'),
(7, 3, '2021-04-05 18:51:46', 0, 'se ha caido'),
(9, 1, '2021-04-06 14:25:28', 0, 'Parece que no está arreglado'),
(13, 8, '2021-04-09 20:08:21', 2, 'Falsa alarma, todo está bien'),
(14, 1, '2021-04-10 11:45:56', 2, 'Perfecto, todo está funcionando según lo esperado. Muchas gracias por la participación. Ahora podemos comunicar las incidencias de una manera práctica, sencilla y rápida.');

-- --------------------------------------------------------

--
-- Estructura de tabla para la tabla `ies_log_incidencias`
--

CREATE TABLE `ies_log_incidencias` (
  `id` int(11) NOT NULL,
  `incidencia` int(11) NOT NULL,
  `profesor` int(11) NOT NULL,
  `estado` int(11) NOT NULL,
  `detalles` text NOT NULL,
  `fechaModificacion` timestamp NOT NULL DEFAULT current_timestamp() ON UPDATE current_timestamp()
) ENGINE=InnoDB DEFAULT CHARSET=utf8mb4;

--
-- Volcado de datos para la tabla `ies_log_incidencias`
--

INSERT INTO `ies_log_incidencias` (`id`, `incidencia`, `profesor`, `estado`, `detalles`, `fechaModificacion`) VALUES
(3, 6, 1, 0, 'se ha roto una silla en el aula 207', '2021-03-13 13:03:10'),
(4, 6, 1, 1, 'Ok, estoy buscando una nueva silla para la sustitución', '2021-03-13 13:04:18'),
(5, 6, 1, 2, 'Ya ha sido cambiada la silla', '2021-03-13 13:05:10'),
(6, 7, 3, 0, 'no va el wifi', '2021-03-13 13:15:02'),
(7, 7, 3, 1, 'arreglando wifi', '2021-03-13 13:15:18'),
(8, 7, 3, 2, 'todo correcto, ya funciona el internet', '2021-03-13 13:15:44'),
(12, 9, 1, 0, 'Cambiando la estructura del log de incidencias', '2021-04-05 18:49:42'),
(13, 9, 1, 1, 'en camino', '2021-04-05 18:49:52'),
(14, 9, 1, 2, 'resuelto en principio', '2021-04-05 18:50:05'),
(15, 7, 1, 0, 'se ha caido', '2021-04-05 18:51:46'),
(23, 9, 1, 0, 'Parece que no está arreglado', '2021-04-06 14:25:28'),
(27, 13, 8, 0, 'la luz del aula 207 parpadea, pienso que hay que cambiar la barra LED del techo', '2021-04-09 11:53:18'),
(28, 13, 8, 1, 'ha sido pedido el recambio', '2021-04-09 11:53:43'),
(29, 13, 8, 2, 'perfecto, funciona correctamente', '2021-04-09 11:54:06'),
(30, 13, 1, 1, 'ha empezado a parpadear de nuevo', '2021-04-09 11:55:00'),
(31, 13, 1, 2, 'Falsa alarma, todo está bien', '2021-04-09 20:08:21'),
(32, 14, 1, 0, 'Probando la función de incidencias. Esta incidencia será actualizada varias veces, y por distintos profesores.', '2021-04-10 11:41:39'),
(33, 14, 8, 1, 'Me toca a mi actualizarla.', '2021-04-10 11:42:21'),
(34, 14, 2, 1, 'Ha llegado mi momento ... ¡Hola a todos!', '2021-04-10 11:44:31'),
(35, 14, 1, 2, 'Perfecto, todo está funcionando según lo esperado. Muchas gracias por la participación. Ahora podemos comunicar las incidencias de una manera práctica, sencilla y rápida.', '2021-04-10 11:45:56');

-- --------------------------------------------------------

--
-- Estructura de tabla para la tabla `ies_notas`
--

CREATE TABLE `ies_notas` (
  `curso` int(3) NOT NULL,
  `asignatura` int(3) NOT NULL,
  `alumno` int(3) NOT NULL,
  `profesor` int(3) NOT NULL,
  `trimestre` int(2) NOT NULL,
  `nota` int(2) DEFAULT NULL
) ENGINE=InnoDB DEFAULT CHARSET=utf8mb4;

--
-- Volcado de datos para la tabla `ies_notas`
--

INSERT INTO `ies_notas` (`curso`, `asignatura`, `alumno`, `profesor`, `trimestre`, `nota`) VALUES
(1, 127, 1, 16, 3, NULL),
(1, 127, 1, 16, 4, NULL),
(1, 127, 20, 16, 3, 6),
(1, 127, 23, 16, 3, 5),
(1, 127, 24, 16, 3, 5),
(1, 127, 26, 16, 3, 6),
(1, 127, 28, 16, 3, 8),
(1, 127, 30, 16, 3, 6),
(1, 127, 31, 16, 3, 5),
(1, 127, 32, 16, 3, 6),
(1, 127, 174, 16, 1, 3),
(1, 131, 1, 22, 3, NULL),
(1, 131, 1, 22, 4, NULL),
(1, 131, 1, 22, 5, NULL),
(1, 131, 19, 22, 3, 5),
(1, 131, 23, 22, 3, 5),
(1, 131, 26, 22, 3, 5),
(1, 131, 28, 22, 3, 5),
(1, 131, 30, 22, 3, 5),
(1, 131, 174, 22, 1, 5),
(1, 135, 1, 23, 3, NULL),
(1, 135, 1, 23, 4, NULL),
(1, 135, 1, 23, 5, NULL),
(1, 135, 174, 23, 1, 6),
(1, 138, 1, 6, 3, NULL),
(1, 138, 1, 6, 4, NULL),
(1, 138, 1, 6, 5, NULL),
(1, 138, 19, 6, 3, 5),
(1, 138, 20, 6, 3, 7),
(1, 138, 21, 6, 3, 6),
(1, 138, 26, 6, 3, 7),
(1, 138, 27, 6, 3, 5),
(1, 138, 28, 6, 3, 8),
(1, 138, 29, 6, 3, 5),
(1, 138, 30, 6, 3, 8),
(1, 138, 31, 6, 3, 5),
(1, 138, 32, 6, 3, 6),
(1, 138, 174, 6, 1, 5),
(1, 140, 1, 7, 3, NULL),
(1, 140, 1, 7, 4, NULL),
(1, 140, 1, 7, 5, NULL),
(1, 142, 1, 21, 3, NULL),
(1, 142, 1, 21, 4, NULL),
(1, 142, 1, 21, 5, NULL),
(1, 144, 1, 18, 3, NULL),
(1, 144, 1, 18, 4, NULL),
(1, 144, 1, 18, 5, NULL),
(1, 144, 19, 18, 3, 6),
(1, 144, 20, 18, 3, 7),
(1, 144, 21, 18, 3, 5),
(1, 144, 22, 18, 3, 5),
(1, 144, 23, 18, 3, 5),
(1, 144, 25, 18, 3, 6),
(1, 144, 27, 18, 3, 5),
(1, 144, 28, 18, 3, 7),
(1, 144, 29, 18, 3, 5),
(1, 144, 30, 18, 3, 8),
(1, 144, 31, 18, 3, 6),
(1, 144, 32, 18, 3, 7),
(1, 145, 1, 17, 3, NULL),
(1, 145, 1, 17, 4, NULL),
(1, 145, 1, 17, 5, NULL),
(1, 145, 20, 17, 3, 5),
(1, 145, 32, 17, 3, 5),
(1, 149, 1, 7, 3, NULL),
(1, 149, 1, 7, 4, NULL),
(1, 149, 1, 7, 5, NULL),
(1, 154, 1, 6, 3, NULL),
(1, 154, 1, 6, 4, NULL),
(1, 154, 1, 6, 5, NULL),
(1, 154, 19, 6, 3, 5),
(1, 154, 25, 6, 3, 5),
(1, 154, 26, 6, 3, 6),
(1, 154, 27, 6, 3, 5),
(1, 196, 1, 9, 3, NULL),
(1, 196, 1, 9, 4, NULL),
(1, 196, 1, 9, 5, NULL),
(1, 196, 20, 9, 3, 5),
(1, 196, 21, 9, 3, 5),
(1, 196, 23, 9, 3, 6),
(1, 196, 24, 9, 3, 6),
(1, 196, 28, 9, 3, 7),
(1, 196, 29, 9, 3, 5),
(1, 196, 30, 9, 3, 7),
(1, 196, 31, 9, 3, 5),
(1, 196, 32, 9, 3, 6),
(1, 202, 1, 7, 3, NULL),
(1, 202, 1, 7, 4, NULL),
(1, 202, 1, 7, 5, NULL),
(2, 157, 34, 10, 2, 5),
(2, 157, 34, 10, 3, 5),
(2, 157, 35, 10, 3, 5),
(2, 157, 36, 10, 2, 5),
(2, 157, 37, 10, 2, 5),
(2, 157, 37, 10, 3, 5),
(2, 157, 38, 10, 2, 9),
(2, 157, 38, 10, 3, 9),
(2, 157, 40, 10, 2, 7),
(2, 157, 40, 10, 3, 7),
(2, 157, 41, 10, 3, 6),
(2, 157, 42, 10, 2, 6),
(2, 157, 42, 10, 3, 6),
(2, 157, 43, 10, 2, 5),
(2, 157, 43, 10, 3, 5),
(2, 157, 44, 10, 3, 5),
(2, 157, 45, 10, 3, 5),
(2, 158, 34, 13, 2, 5),
(2, 158, 35, 13, 2, 5),
(2, 158, 36, 13, 2, 5),
(2, 158, 37, 13, 2, 5),
(2, 158, 37, 13, 3, 5),
(2, 158, 38, 13, 2, 8),
(2, 158, 38, 13, 3, 7),
(2, 158, 40, 13, 2, 5),
(2, 158, 40, 13, 3, 6),
(2, 158, 41, 13, 2, 5),
(2, 158, 41, 13, 3, 6),
(2, 158, 42, 13, 2, 5),
(2, 158, 42, 13, 3, 5),
(2, 158, 43, 13, 2, 6),
(2, 159, 35, 3, 2, 5),
(2, 159, 38, 3, 2, 8),
(2, 159, 38, 3, 3, 7),
(2, 159, 41, 3, 3, 9),
(2, 159, 42, 3, 2, 5),
(2, 159, 43, 3, 2, 7),
(2, 160, 34, 6, 2, 5),
(2, 160, 34, 6, 3, 5),
(2, 160, 35, 6, 2, 6),
(2, 160, 35, 6, 3, 6),
(2, 160, 37, 6, 2, 5),
(2, 160, 37, 6, 3, 5),
(2, 160, 38, 6, 2, 8),
(2, 160, 38, 6, 3, 8),
(2, 160, 40, 6, 2, 5),
(2, 160, 40, 6, 3, 8),
(2, 160, 41, 6, 2, 5),
(2, 160, 41, 6, 3, 8),
(2, 160, 42, 6, 2, 5),
(2, 160, 42, 6, 3, 5),
(2, 160, 43, 6, 2, 6),
(2, 160, 43, 6, 3, 6),
(2, 160, 44, 6, 3, 5),
(2, 160, 45, 6, 2, 5),
(2, 160, 45, 6, 3, 5),
(2, 161, 35, 7, 2, 5),
(2, 161, 37, 7, 2, 5),
(2, 161, 38, 7, 2, 5),
(2, 161, 41, 7, 2, 5),
(2, 161, 42, 7, 2, 5),
(2, 161, 43, 7, 2, 5),
(2, 163, 34, 21, 2, 5),
(2, 163, 35, 21, 2, 5),
(2, 163, 37, 21, 2, 5),
(2, 163, 38, 21, 2, 7),
(2, 163, 40, 21, 2, 7),
(2, 163, 41, 21, 2, 6),
(2, 163, 43, 21, 2, 7),
(2, 163, 45, 21, 2, 7),
(2, 164, 34, 18, 2, 5),
(2, 164, 34, 18, 3, 6),
(2, 164, 35, 18, 2, 6),
(2, 164, 35, 18, 3, 5),
(2, 164, 36, 18, 3, 5),
(2, 164, 37, 18, 2, 5),
(2, 164, 37, 18, 3, 5),
(2, 164, 38, 18, 2, 7),
(2, 164, 38, 18, 3, 8),
(2, 164, 39, 18, 3, 5),
(2, 164, 40, 18, 2, 6),
(2, 164, 40, 18, 3, 7),
(2, 164, 41, 18, 3, 6),
(2, 164, 42, 18, 2, 5),
(2, 164, 42, 18, 3, 5),
(2, 164, 43, 18, 2, 6),
(2, 164, 43, 18, 3, 6),
(2, 164, 45, 18, 2, 5),
(2, 164, 45, 18, 3, 5),
(2, 165, 38, 19, 2, 8),
(2, 165, 40, 19, 2, 6),
(2, 165, 41, 19, 2, 5),
(2, 165, 42, 19, 2, 5),
(2, 165, 43, 19, 2, 7),
(2, 165, 45, 19, 2, 5),
(2, 166, 37, 7, 2, 5),
(2, 166, 41, 7, 2, 5),
(2, 166, 42, 7, 2, 5),
(2, 168, 33, 19, 2, 5),
(2, 168, 34, 19, 2, 5),
(2, 168, 41, 19, 2, 6),
(2, 168, 42, 19, 2, 6),
(2, 168, 43, 19, 2, 8),
(2, 168, 45, 19, 2, 7),
(2, 193, 35, 4, 2, 7),
(2, 193, 38, 4, 2, 9),
(2, 193, 38, 4, 3, 7),
(2, 193, 43, 4, 2, 8),
(2, 197, 35, 9, 3, 5),
(2, 197, 37, 9, 3, 5),
(2, 197, 39, 9, 3, 5),
(2, 197, 40, 9, 3, 6),
(2, 203, 37, 7, 2, 5),
(2, 203, 41, 7, 2, 5),
(3, 128, 62, 10, 2, 6),
(3, 128, 62, 10, 3, 6),
(3, 128, 62, 14, 2, 6),
(3, 128, 62, 14, 3, 6),
(3, 128, 63, 10, 3, 5),
(3, 128, 63, 14, 3, 5),
(3, 128, 64, 14, 2, 6),
(3, 128, 64, 14, 3, 7),
(3, 128, 66, 14, 2, 6),
(3, 128, 66, 14, 3, 7),
(3, 128, 68, 14, 2, 7),
(3, 128, 68, 14, 3, 5),
(3, 128, 69, 10, 2, 5),
(3, 128, 69, 10, 3, 6),
(3, 128, 69, 14, 2, 5),
(3, 128, 69, 14, 3, 6),
(3, 128, 70, 10, 2, 5),
(3, 128, 70, 10, 3, 5),
(3, 128, 70, 14, 2, 5),
(3, 128, 70, 14, 3, 5),
(3, 128, 71, 10, 2, 7),
(3, 128, 71, 10, 3, 9),
(3, 128, 71, 14, 2, 7),
(3, 128, 71, 14, 3, 9),
(3, 128, 72, 10, 2, 5),
(3, 128, 72, 10, 3, 7),
(3, 128, 72, 14, 2, 5),
(3, 128, 72, 14, 3, 7),
(3, 128, 76, 10, 3, 5),
(3, 128, 76, 14, 3, 5),
(3, 128, 78, 14, 3, 5),
(3, 128, 82, 10, 3, 5),
(3, 128, 82, 14, 3, 5),
(3, 128, 83, 10, 2, 5),
(3, 128, 83, 10, 3, 7),
(3, 128, 83, 14, 2, 5),
(3, 128, 83, 14, 3, 7),
(3, 128, 84, 10, 2, 5),
(3, 128, 84, 10, 3, 7),
(3, 128, 84, 14, 2, 5),
(3, 128, 84, 14, 3, 7),
(3, 128, 88, 10, 2, 5),
(3, 128, 88, 10, 3, 5),
(3, 128, 88, 14, 2, 5),
(3, 128, 88, 14, 3, 5),
(3, 128, 91, 10, 2, 5),
(3, 128, 91, 10, 3, 6),
(3, 128, 91, 14, 2, 5),
(3, 128, 91, 14, 3, 6),
(3, 132, 62, 3, 2, 6),
(3, 132, 62, 3, 3, 5),
(3, 132, 62, 22, 2, 6),
(3, 132, 62, 22, 3, 5),
(3, 132, 66, 3, 2, 5),
(3, 132, 66, 3, 3, 5),
(3, 132, 68, 3, 2, 6),
(3, 132, 68, 3, 3, 8),
(3, 132, 68, 22, 3, 8),
(3, 132, 69, 3, 2, 5),
(3, 132, 69, 22, 2, 5),
(3, 132, 70, 3, 2, 5),
(3, 132, 70, 22, 2, 5),
(3, 132, 71, 3, 2, 8),
(3, 132, 71, 22, 2, 8),
(3, 132, 72, 3, 3, 5),
(3, 132, 72, 22, 3, 5),
(3, 132, 76, 3, 2, 5),
(3, 132, 76, 3, 3, 5),
(3, 132, 76, 22, 2, 5),
(3, 132, 76, 22, 3, 5),
(3, 132, 81, 3, 2, 5),
(3, 132, 83, 3, 2, 6),
(3, 132, 83, 3, 3, 5),
(3, 132, 83, 22, 2, 6),
(3, 132, 83, 22, 3, 5),
(3, 132, 84, 3, 2, 5),
(3, 132, 84, 3, 3, 5),
(3, 132, 84, 22, 2, 5),
(3, 132, 84, 22, 3, 5),
(3, 132, 85, 3, 2, 5),
(3, 132, 86, 3, 2, 5),
(3, 132, 88, 3, 2, 5),
(3, 132, 88, 22, 2, 5),
(3, 136, 62, 3, 2, 9),
(3, 136, 62, 23, 2, 9),
(3, 136, 64, 3, 2, 6),
(3, 136, 66, 3, 2, 6),
(3, 136, 66, 3, 3, 5),
(3, 136, 68, 3, 2, 7),
(3, 136, 69, 3, 2, 9),
(3, 136, 69, 23, 2, 9),
(3, 136, 70, 3, 2, 6),
(3, 136, 70, 23, 2, 6),
(3, 136, 71, 3, 2, 10),
(3, 136, 71, 23, 2, 10),
(3, 136, 72, 3, 2, 5),
(3, 136, 72, 23, 2, 5),
(3, 136, 76, 3, 2, 5),
(3, 136, 76, 23, 2, 5),
(3, 136, 79, 3, 2, 5),
(3, 136, 81, 3, 2, 5),
(3, 136, 83, 3, 2, 8),
(3, 136, 83, 23, 2, 8),
(3, 136, 84, 3, 2, 8),
(3, 136, 84, 23, 2, 8),
(3, 136, 86, 3, 2, 5),
(3, 136, 88, 3, 2, 5),
(3, 136, 88, 23, 2, 5),
(3, 136, 91, 3, 2, 6),
(3, 136, 91, 23, 2, 6),
(3, 139, 62, 6, 2, 7),
(3, 139, 62, 6, 3, 7),
(3, 139, 63, 6, 2, 5),
(3, 139, 63, 6, 3, 6),
(3, 139, 65, 6, 2, 5),
(3, 139, 65, 6, 3, 5),
(3, 139, 66, 6, 2, 5),
(3, 139, 66, 6, 3, 5),
(3, 139, 68, 6, 2, 6),
(3, 139, 68, 6, 3, 6),
(3, 139, 69, 6, 2, 6),
(3, 139, 69, 6, 3, 6),
(3, 139, 70, 6, 2, 7),
(3, 139, 70, 6, 3, 7),
(3, 139, 71, 6, 2, 8),
(3, 139, 71, 6, 3, 8),
(3, 139, 72, 6, 2, 5),
(3, 139, 72, 6, 3, 7),
(3, 139, 76, 6, 2, 5),
(3, 139, 76, 6, 3, 5),
(3, 139, 82, 6, 2, 6),
(3, 139, 82, 6, 3, 7),
(3, 139, 83, 6, 2, 6),
(3, 139, 83, 6, 3, 8),
(3, 139, 84, 6, 2, 6),
(3, 139, 84, 6, 3, 8),
(3, 139, 86, 6, 2, 5),
(3, 139, 86, 6, 3, 5),
(3, 139, 88, 6, 2, 5),
(3, 139, 88, 6, 3, 5),
(3, 139, 91, 6, 2, 6),
(3, 139, 91, 6, 3, 7),
(3, 143, 62, 21, 2, 6),
(3, 143, 63, 21, 2, 7),
(3, 143, 66, 21, 2, 7),
(3, 143, 68, 21, 2, 5),
(3, 143, 69, 21, 2, 7),
(3, 143, 70, 21, 2, 5),
(3, 143, 71, 21, 2, 8),
(3, 143, 76, 21, 2, 5),
(3, 143, 79, 21, 2, 5),
(3, 143, 82, 21, 2, 5),
(3, 143, 83, 21, 2, 7),
(3, 143, 84, 21, 2, 5),
(3, 143, 86, 21, 2, 5),
(3, 143, 87, 21, 2, 5),
(3, 143, 88, 21, 2, 7),
(3, 143, 91, 21, 2, 6),
(3, 146, 62, 17, 2, 7),
(3, 146, 62, 19, 2, 7),
(3, 146, 64, 17, 2, 5),
(3, 146, 66, 17, 3, 5),
(3, 146, 68, 17, 2, 5),
(3, 146, 69, 17, 2, 6),
(3, 146, 69, 19, 2, 6),
(3, 146, 70, 17, 2, 5),
(3, 146, 70, 19, 2, 5),
(3, 146, 71, 17, 2, 9),
(3, 146, 71, 19, 2, 9),
(3, 146, 73, 17, 2, 5),
(3, 146, 76, 17, 2, 6),
(3, 146, 76, 19, 2, 6),
(3, 146, 78, 17, 2, 5),
(3, 146, 83, 17, 2, 7),
(3, 146, 83, 19, 2, 7),
(3, 146, 84, 17, 2, 7),
(3, 146, 84, 19, 2, 7),
(3, 146, 88, 17, 2, 5),
(3, 146, 88, 19, 2, 5),
(3, 146, 91, 17, 2, 5),
(3, 146, 91, 19, 2, 5),
(3, 155, 62, 6, 2, 8),
(3, 155, 62, 23, 2, 8),
(3, 155, 63, 6, 2, 8),
(3, 155, 63, 23, 2, 8),
(3, 155, 64, 6, 2, 5),
(3, 155, 64, 23, 2, 5),
(3, 155, 67, 6, 2, 6),
(3, 155, 67, 23, 2, 6),
(3, 155, 68, 6, 2, 7),
(3, 155, 68, 23, 2, 7),
(3, 155, 69, 6, 2, 7),
(3, 155, 69, 23, 2, 7),
(3, 155, 70, 6, 2, 8),
(3, 155, 70, 23, 2, 8),
(3, 155, 76, 6, 2, 5),
(3, 155, 76, 23, 2, 5),
(3, 155, 78, 6, 2, 5),
(3, 155, 78, 23, 2, 5),
(3, 155, 79, 6, 2, 5),
(3, 155, 86, 6, 2, 5),
(3, 155, 86, 23, 2, 5),
(3, 155, 89, 6, 2, 5),
(3, 155, 89, 23, 2, 5),
(3, 162, 62, 7, 2, 7),
(3, 162, 63, 7, 2, 5),
(3, 162, 66, 7, 2, 5),
(3, 162, 67, 7, 2, 6),
(3, 162, 68, 7, 2, 7),
(3, 162, 69, 7, 2, 5),
(3, 162, 70, 7, 2, 6),
(3, 162, 71, 7, 2, 7),
(3, 162, 76, 7, 2, 5),
(3, 162, 80, 7, 2, 5),
(3, 162, 84, 7, 2, 5),
(3, 162, 86, 7, 2, 5),
(3, 162, 88, 7, 2, 6),
(3, 162, 91, 7, 2, 5),
(3, 169, 62, 14, 2, 5),
(3, 169, 62, 14, 3, 6),
(3, 169, 62, 16, 2, 5),
(3, 169, 62, 16, 3, 6),
(3, 169, 64, 14, 2, 5),
(3, 169, 64, 14, 3, 6),
(3, 169, 64, 16, 3, 6),
(3, 169, 66, 14, 2, 5),
(3, 169, 66, 14, 3, 6),
(3, 169, 66, 16, 3, 6),
(3, 169, 68, 14, 2, 7),
(3, 169, 68, 14, 3, 6),
(3, 169, 68, 16, 3, 6),
(3, 169, 69, 14, 3, 5),
(3, 169, 69, 16, 3, 5),
(3, 169, 70, 14, 3, 5),
(3, 169, 70, 16, 3, 5),
(3, 169, 71, 14, 2, 5),
(3, 169, 71, 14, 3, 7),
(3, 169, 71, 16, 2, 5),
(3, 169, 71, 16, 3, 7),
(3, 169, 72, 14, 3, 5),
(3, 169, 72, 16, 3, 5),
(3, 169, 73, 14, 3, 5),
(3, 169, 73, 16, 3, 5),
(3, 169, 76, 14, 2, 5),
(3, 169, 76, 14, 3, 5),
(3, 169, 76, 16, 2, 5),
(3, 169, 76, 16, 3, 5),
(3, 169, 83, 14, 3, 6),
(3, 169, 83, 16, 3, 6),
(3, 169, 84, 14, 3, 6),
(3, 169, 84, 16, 3, 6),
(3, 169, 85, 14, 3, 5),
(3, 169, 85, 16, 3, 5),
(3, 169, 91, 14, 3, 5),
(3, 169, 91, 16, 3, 5),
(3, 170, 62, 11, 2, 7),
(3, 170, 62, 11, 3, 7),
(3, 170, 62, 18, 2, 7),
(3, 170, 62, 18, 3, 7),
(3, 170, 64, 11, 3, 6),
(3, 170, 64, 18, 2, 6),
(3, 170, 64, 18, 3, 6),
(3, 170, 66, 11, 3, 5),
(3, 170, 66, 18, 2, 5),
(3, 170, 66, 18, 3, 5),
(3, 170, 68, 11, 3, 6),
(3, 170, 68, 18, 2, 6),
(3, 170, 68, 18, 3, 6),
(3, 170, 69, 11, 2, 6),
(3, 170, 69, 11, 3, 6),
(3, 170, 69, 18, 2, 6),
(3, 170, 69, 18, 3, 6),
(3, 170, 70, 11, 3, 5),
(3, 170, 70, 18, 3, 5),
(3, 170, 71, 11, 2, 10),
(3, 170, 71, 11, 3, 10),
(3, 170, 71, 18, 2, 10),
(3, 170, 71, 18, 3, 10),
(3, 170, 72, 11, 2, 5),
(3, 170, 72, 11, 3, 7),
(3, 170, 72, 18, 2, 5),
(3, 170, 72, 18, 3, 7),
(3, 170, 73, 11, 3, 5),
(3, 170, 73, 18, 2, 5),
(3, 170, 73, 18, 3, 5),
(3, 170, 76, 11, 3, 5),
(3, 170, 76, 18, 3, 5),
(3, 170, 78, 11, 3, 6),
(3, 170, 78, 18, 3, 6),
(3, 170, 79, 18, 2, 6),
(3, 170, 81, 11, 3, 5),
(3, 170, 81, 18, 2, 5),
(3, 170, 81, 18, 3, 5),
(3, 170, 82, 11, 3, 5),
(3, 170, 82, 18, 3, 5),
(3, 170, 83, 11, 2, 8),
(3, 170, 83, 11, 3, 8),
(3, 170, 83, 18, 2, 8),
(3, 170, 83, 18, 3, 8),
(3, 170, 84, 11, 2, 8),
(3, 170, 84, 11, 3, 9),
(3, 170, 84, 18, 2, 8),
(3, 170, 84, 18, 3, 9),
(3, 170, 85, 11, 3, 6),
(3, 170, 85, 18, 2, 6),
(3, 170, 85, 18, 3, 6),
(3, 170, 86, 11, 3, 5),
(3, 170, 86, 18, 2, 5),
(3, 170, 86, 18, 3, 5),
(3, 170, 89, 11, 3, 5),
(3, 170, 89, 18, 3, 5),
(3, 170, 91, 11, 2, 8),
(3, 170, 91, 11, 3, 7),
(3, 170, 91, 18, 2, 8),
(3, 170, 91, 18, 3, 7),
(3, 194, 62, 4, 2, 9),
(3, 194, 71, 4, 2, 9),
(3, 194, 84, 4, 2, 9),
(3, 194, 88, 4, 2, 8),
(3, 198, 65, 9, 2, 6),
(3, 198, 71, 9, 2, 10),
(3, 198, 71, 9, 3, 8),
(3, 198, 73, 9, 2, 5),
(3, 198, 73, 9, 3, 5),
(3, 198, 81, 9, 3, 5),
(3, 198, 82, 9, 2, 8),
(3, 198, 82, 9, 3, 5),
(3, 198, 83, 9, 2, 5),
(3, 198, 83, 9, 3, 6),
(3, 198, 84, 9, 2, 6),
(3, 198, 84, 9, 3, 8),
(3, 198, 85, 9, 2, 5),
(3, 198, 85, 9, 3, 5),
(3, 198, 88, 9, 2, 6),
(3, 198, 88, 9, 3, 5),
(3, 198, 91, 9, 2, 5),
(3, 198, 91, 9, 3, 8),
(3, 201, 67, 22, 2, 5),
(3, 201, 70, 22, 2, 5),
(3, 201, 78, 22, 2, 5),
(3, 201, 82, 22, 2, 6),
(3, 201, 83, 22, 2, 6),
(3, 201, 91, 22, 2, 6),
(3, 204, 63, 7, 2, 5),
(3, 204, 69, 7, 2, 5),
(3, 204, 72, 7, 2, 5),
(3, 204, 76, 7, 2, 5),
(3, 204, 80, 7, 2, 5),
(5, 129, 92, 10, 2, 8),
(5, 129, 92, 10, 3, 10),
(5, 129, 92, 11, 2, 8),
(5, 129, 92, 16, 2, 8),
(5, 129, 92, 16, 3, 10),
(5, 129, 93, 10, 2, 7),
(5, 129, 93, 10, 3, 8),
(5, 129, 94, 10, 2, 5),
(5, 129, 94, 10, 3, 6),
(5, 129, 96, 10, 2, 5),
(5, 129, 96, 10, 3, 5),
(5, 129, 96, 11, 2, 5),
(5, 129, 96, 11, 3, 5),
(5, 129, 96, 16, 2, 5),
(5, 129, 96, 16, 3, 5),
(5, 129, 97, 10, 2, 6),
(5, 129, 97, 10, 3, 9),
(5, 129, 97, 11, 2, 6),
(5, 129, 97, 16, 2, 6),
(5, 129, 97, 16, 3, 9),
(5, 129, 99, 10, 3, 5),
(5, 129, 101, 10, 2, 6),
(5, 129, 101, 10, 3, 6),
(5, 129, 101, 11, 2, 6),
(5, 129, 101, 11, 3, 6),
(5, 129, 101, 16, 2, 6),
(5, 129, 101, 16, 3, 6),
(5, 129, 104, 10, 2, 6),
(5, 129, 104, 10, 3, 6),
(5, 129, 107, 10, 2, 6),
(5, 129, 107, 10, 3, 8),
(5, 129, 107, 11, 2, 6),
(5, 129, 107, 16, 2, 6),
(5, 129, 107, 16, 3, 8),
(5, 129, 108, 10, 2, 6),
(5, 129, 108, 10, 3, 8),
(5, 129, 109, 10, 2, 8),
(5, 129, 109, 10, 3, 9),
(5, 133, 92, 13, 2, 5),
(5, 133, 92, 13, 3, 6),
(5, 133, 92, 18, 2, 5),
(5, 133, 92, 22, 2, 5),
(5, 133, 93, 13, 2, 6),
(5, 133, 93, 13, 3, 5),
(5, 133, 93, 18, 2, 6),
(5, 133, 93, 22, 2, 6),
(5, 133, 94, 13, 2, 5),
(5, 133, 94, 18, 2, 5),
(5, 133, 94, 22, 2, 5),
(5, 133, 97, 13, 2, 6),
(5, 133, 97, 13, 3, 7),
(5, 133, 97, 18, 2, 6),
(5, 133, 97, 22, 2, 6),
(5, 133, 101, 22, 2, 5),
(5, 133, 103, 13, 2, 5),
(5, 133, 103, 18, 2, 5),
(5, 133, 103, 22, 2, 5),
(5, 133, 104, 13, 2, 5),
(5, 133, 104, 13, 3, 6),
(5, 133, 104, 18, 2, 5),
(5, 133, 104, 22, 2, 5),
(5, 133, 107, 13, 2, 5),
(5, 133, 107, 13, 3, 5),
(5, 133, 107, 18, 2, 5),
(5, 133, 107, 22, 2, 5),
(5, 133, 108, 13, 3, 6),
(5, 133, 109, 13, 2, 9),
(5, 133, 109, 13, 3, 7),
(5, 133, 109, 18, 2, 9),
(5, 133, 109, 22, 2, 9),
(5, 137, 92, 6, 2, 7),
(5, 137, 92, 23, 2, 7),
(5, 137, 93, 6, 2, 10),
(5, 137, 93, 23, 2, 10),
(5, 137, 94, 6, 2, 9),
(5, 137, 94, 23, 2, 9),
(5, 137, 96, 6, 2, 5),
(5, 137, 96, 6, 3, 5),
(5, 137, 97, 6, 2, 10),
(5, 137, 97, 23, 2, 10),
(5, 137, 101, 6, 2, 7),
(5, 137, 101, 6, 3, 7),
(5, 137, 103, 6, 2, 5),
(5, 137, 103, 23, 2, 5),
(5, 137, 104, 6, 2, 6),
(5, 137, 104, 23, 2, 6),
(5, 137, 107, 6, 2, 9),
(5, 137, 107, 23, 2, 9),
(5, 137, 108, 6, 2, 6),
(5, 137, 108, 23, 2, 6),
(5, 137, 109, 6, 2, 10),
(5, 137, 109, 23, 2, 10),
(5, 141, 92, 7, 2, 8),
(5, 141, 93, 7, 2, 8),
(5, 141, 94, 7, 2, 8),
(5, 141, 95, 7, 2, 5),
(5, 141, 96, 7, 2, 5),
(5, 141, 97, 7, 2, 8),
(5, 141, 99, 7, 2, 6),
(5, 141, 101, 7, 2, 6),
(5, 141, 103, 7, 2, 5),
(5, 141, 104, 7, 2, 5),
(5, 141, 107, 7, 2, 6),
(5, 141, 108, 7, 2, 6),
(5, 141, 109, 7, 2, 6),
(5, 147, 92, 17, 2, 5),
(5, 147, 92, 17, 3, 5),
(5, 147, 92, 19, 2, 5),
(5, 147, 93, 17, 2, 7),
(5, 147, 93, 17, 3, 6),
(5, 147, 93, 19, 2, 7),
(5, 147, 94, 17, 2, 5),
(5, 147, 94, 19, 2, 5),
(5, 147, 97, 17, 2, 6),
(5, 147, 97, 17, 3, 9),
(5, 147, 97, 19, 2, 6),
(5, 147, 101, 19, 2, 6),
(5, 147, 103, 17, 2, 5),
(5, 147, 103, 19, 2, 5),
(5, 147, 104, 17, 2, 5),
(5, 147, 104, 17, 3, 5),
(5, 147, 104, 19, 2, 5),
(5, 147, 107, 17, 2, 6),
(5, 147, 107, 17, 3, 6),
(5, 147, 107, 19, 2, 6),
(5, 147, 109, 17, 2, 8),
(5, 147, 109, 17, 3, 9),
(5, 147, 109, 19, 2, 8),
(5, 171, 92, 11, 2, 9),
(5, 171, 92, 11, 3, 9),
(5, 171, 93, 11, 2, 9),
(5, 171, 93, 11, 3, 9),
(5, 171, 94, 11, 2, 5),
(5, 171, 94, 11, 3, 6),
(5, 171, 97, 11, 2, 9),
(5, 171, 97, 11, 3, 10),
(5, 171, 104, 11, 2, 5),
(5, 171, 104, 11, 3, 7),
(5, 171, 107, 11, 2, 8),
(5, 171, 107, 11, 3, 8),
(5, 171, 108, 11, 3, 6),
(5, 171, 109, 11, 2, 10),
(5, 171, 109, 11, 3, 10),
(5, 173, 92, 18, 2, 8),
(5, 173, 92, 18, 3, 8),
(5, 173, 93, 18, 2, 7),
(5, 173, 93, 18, 3, 9),
(5, 173, 94, 18, 2, 6),
(5, 173, 94, 18, 3, 6),
(5, 173, 96, 11, 2, 5),
(5, 173, 96, 11, 3, 5),
(5, 173, 96, 18, 2, 5),
(5, 173, 96, 18, 3, 5),
(5, 173, 97, 18, 2, 6),
(5, 173, 97, 18, 3, 7),
(5, 173, 99, 18, 2, 5),
(5, 173, 99, 18, 3, 5),
(5, 173, 101, 11, 2, 6),
(5, 173, 101, 11, 3, 6),
(5, 173, 101, 18, 2, 6),
(5, 173, 101, 18, 3, 6),
(5, 173, 103, 18, 2, 5),
(5, 173, 103, 18, 3, 5),
(5, 173, 104, 18, 2, 7),
(5, 173, 104, 18, 3, 7),
(5, 173, 107, 18, 2, 8),
(5, 173, 107, 18, 3, 8),
(5, 173, 108, 18, 2, 8),
(5, 173, 108, 18, 3, 9),
(5, 173, 109, 18, 2, 9),
(5, 173, 109, 18, 3, 10),
(5, 174, 92, 23, 2, 7),
(5, 174, 93, 23, 2, 8),
(5, 174, 94, 23, 2, 7),
(5, 174, 95, 23, 2, 5),
(5, 174, 97, 23, 2, 8),
(5, 174, 99, 23, 2, 5),
(5, 174, 101, 23, 2, 6),
(5, 174, 102, 23, 2, 5),
(5, 174, 103, 23, 2, 5),
(5, 174, 104, 23, 2, 7),
(5, 174, 107, 23, 2, 7),
(5, 174, 108, 23, 2, 5),
(5, 174, 109, 23, 2, 8),
(5, 176, 92, 6, 2, 7),
(5, 176, 92, 21, 2, 7),
(5, 176, 93, 6, 2, 7),
(5, 176, 93, 6, 3, 6),
(5, 176, 94, 6, 2, 5),
(5, 176, 94, 21, 2, 5),
(5, 176, 96, 6, 2, 5),
(5, 176, 96, 21, 2, 5),
(5, 176, 97, 6, 2, 8),
(5, 176, 97, 21, 2, 8),
(5, 176, 99, 6, 2, 5),
(5, 176, 99, 21, 2, 5),
(5, 176, 101, 6, 2, 6),
(5, 176, 101, 6, 3, 6),
(5, 176, 103, 6, 2, 5),
(5, 176, 103, 21, 2, 5),
(5, 176, 104, 6, 2, 6),
(5, 176, 104, 21, 2, 6),
(5, 176, 107, 6, 2, 8),
(5, 176, 107, 21, 2, 8),
(5, 176, 108, 6, 2, 5),
(5, 176, 108, 6, 3, 5),
(5, 176, 109, 6, 2, 8),
(5, 176, 109, 21, 2, 8),
(5, 195, 92, 18, 2, 8),
(5, 195, 92, 18, 3, 8),
(5, 195, 93, 18, 2, 7),
(5, 195, 93, 18, 3, 8),
(5, 195, 94, 18, 2, 6),
(5, 195, 94, 18, 3, 6),
(5, 195, 96, 11, 2, 5),
(5, 195, 96, 11, 3, 6),
(5, 195, 96, 18, 2, 5),
(5, 195, 96, 18, 3, 6),
(5, 195, 97, 18, 2, 6),
(5, 195, 97, 18, 3, 8),
(5, 195, 99, 18, 2, 5),
(5, 195, 99, 18, 3, 5),
(5, 195, 101, 11, 2, 6),
(5, 195, 101, 11, 3, 7),
(5, 195, 101, 18, 2, 6),
(5, 195, 101, 18, 3, 7),
(5, 195, 103, 18, 2, 5),
(5, 195, 103, 18, 3, 5),
(5, 195, 104, 18, 2, 7),
(5, 195, 104, 18, 3, 8),
(5, 195, 107, 18, 2, 8),
(5, 195, 107, 18, 3, 9),
(5, 195, 108, 18, 2, 8),
(5, 195, 108, 18, 3, 8),
(5, 195, 109, 18, 2, 9),
(5, 195, 109, 18, 3, 9),
(5, 199, 92, 9, 2, 8),
(5, 199, 92, 9, 3, 10),
(5, 199, 93, 9, 2, 10),
(5, 199, 93, 9, 3, 5),
(5, 199, 95, 9, 3, 7),
(5, 199, 104, 9, 2, 8),
(5, 199, 104, 9, 3, 10),
(5, 199, 107, 9, 2, 6),
(5, 199, 107, 9, 3, 7),
(5, 199, 108, 9, 2, 6),
(5, 199, 108, 9, 3, 5),
(5, 199, 109, 9, 2, 8),
(5, 199, 109, 9, 3, 6),
(6, 130, 110, 14, 3, 6),
(6, 130, 111, 10, 2, 5),
(6, 130, 111, 10, 3, 6),
(6, 130, 111, 14, 2, 5),
(6, 130, 111, 14, 3, 6),
(6, 130, 112, 10, 2, 7),
(6, 130, 112, 10, 3, 7),
(6, 130, 112, 14, 2, 7),
(6, 130, 112, 14, 3, 7),
(6, 130, 114, 10, 2, 5),
(6, 130, 114, 10, 3, 6),
(6, 130, 114, 14, 2, 5),
(6, 130, 114, 14, 3, 6),
(6, 130, 115, 10, 3, 6),
(6, 130, 115, 14, 3, 6),
(6, 130, 116, 14, 2, 5),
(6, 130, 116, 14, 3, 7),
(6, 130, 118, 10, 2, 7),
(6, 130, 118, 10, 3, 8),
(6, 130, 118, 14, 2, 7),
(6, 130, 118, 14, 3, 8),
(6, 130, 119, 14, 3, 7),
(6, 130, 120, 10, 2, 7),
(6, 130, 120, 10, 3, 9),
(6, 130, 120, 14, 2, 7),
(6, 130, 120, 14, 3, 9),
(6, 130, 121, 14, 2, 6),
(6, 130, 121, 14, 3, 6),
(6, 130, 122, 14, 2, 6),
(6, 130, 122, 14, 3, 9),
(6, 134, 110, 13, 2, 5),
(6, 134, 110, 13, 3, 5),
(6, 134, 111, 13, 2, 5),
(6, 134, 111, 13, 3, 6),
(6, 134, 112, 13, 2, 7),
(6, 134, 112, 13, 3, 7),
(6, 134, 114, 13, 2, 5),
(6, 134, 116, 13, 2, 8),
(6, 134, 116, 13, 3, 8),
(6, 134, 118, 13, 2, 5),
(6, 134, 118, 13, 3, 5),
(6, 134, 119, 13, 2, 5),
(6, 134, 119, 13, 3, 6),
(6, 134, 120, 13, 2, 6),
(6, 134, 120, 13, 3, 7),
(6, 134, 121, 13, 2, 5),
(6, 134, 121, 13, 3, 5),
(6, 134, 122, 13, 2, 5),
(6, 134, 122, 13, 3, 7),
(6, 148, 110, 4, 2, 5),
(6, 148, 110, 4, 3, 5),
(6, 148, 111, 4, 2, 6),
(6, 148, 111, 4, 3, 10),
(6, 148, 112, 4, 2, 6),
(6, 148, 112, 4, 3, 8),
(6, 148, 113, 4, 2, 5),
(6, 148, 114, 4, 2, 5),
(6, 148, 114, 4, 3, 7),
(6, 148, 115, 4, 2, 5),
(6, 148, 115, 4, 3, 5),
(6, 148, 116, 4, 2, 6),
(6, 148, 116, 4, 3, 9),
(6, 148, 117, 4, 2, 5),
(6, 148, 118, 4, 2, 6),
(6, 148, 118, 4, 3, 6),
(6, 148, 119, 4, 2, 5),
(6, 148, 119, 4, 3, 7),
(6, 148, 120, 4, 2, 7),
(6, 148, 120, 4, 3, 7),
(6, 148, 121, 4, 2, 8),
(6, 148, 121, 4, 3, 8),
(6, 148, 122, 4, 2, 6),
(6, 148, 122, 4, 3, 10),
(6, 172, 111, 11, 2, 7),
(6, 172, 111, 11, 3, 9),
(6, 172, 112, 11, 2, 8),
(6, 172, 112, 11, 3, 9),
(6, 172, 114, 11, 2, 7),
(6, 172, 114, 11, 3, 7),
(6, 172, 115, 11, 2, 7),
(6, 172, 115, 11, 3, 7),
(6, 172, 118, 11, 2, 5),
(6, 172, 118, 11, 3, 7),
(6, 172, 120, 11, 2, 7),
(6, 172, 120, 11, 3, 9),
(6, 177, 110, 3, 3, 6),
(6, 177, 111, 3, 2, 8),
(6, 177, 111, 3, 3, 9),
(6, 177, 112, 3, 2, 9),
(6, 177, 112, 3, 3, 9),
(6, 177, 113, 3, 3, 5),
(6, 177, 114, 3, 2, 5),
(6, 177, 114, 3, 3, 6),
(6, 177, 116, 3, 2, 8),
(6, 177, 116, 3, 3, 9),
(6, 177, 117, 3, 2, 5),
(6, 177, 118, 3, 2, 6),
(6, 177, 118, 3, 3, 7),
(6, 177, 119, 3, 3, 7),
(6, 177, 120, 3, 2, 7),
(6, 177, 120, 3, 3, 9),
(6, 177, 122, 3, 2, 8),
(6, 177, 122, 3, 3, 9),
(6, 178, 110, 18, 3, 5),
(6, 178, 113, 18, 2, 5),
(6, 178, 113, 18, 3, 5),
(6, 178, 116, 18, 2, 7),
(6, 178, 116, 18, 3, 9),
(6, 178, 117, 18, 2, 6),
(6, 178, 117, 18, 3, 5),
(6, 178, 119, 18, 2, 6),
(6, 178, 119, 18, 3, 8),
(6, 178, 121, 18, 2, 8),
(6, 178, 121, 18, 3, 8),
(6, 178, 122, 18, 2, 8),
(6, 178, 122, 18, 3, 9),
(6, 179, 110, 14, 3, 6),
(6, 179, 113, 14, 2, 5),
(6, 179, 113, 14, 3, 5),
(6, 179, 116, 14, 2, 6),
(6, 179, 116, 14, 3, 7),
(6, 179, 119, 14, 2, 5),
(6, 179, 119, 14, 3, 7),
(6, 179, 121, 14, 2, 5),
(6, 179, 121, 14, 3, 5),
(6, 179, 122, 14, 2, 8),
(6, 179, 122, 14, 3, 9),
(6, 180, 111, 2, 3, 8),
(6, 180, 112, 2, 2, 5),
(6, 180, 112, 2, 3, 9),
(6, 180, 118, 2, 2, 5),
(6, 180, 120, 2, 2, 8),
(6, 180, 120, 2, 3, 5),
(6, 200, 110, 9, 2, 7),
(6, 200, 110, 9, 3, 10),
(6, 200, 114, 9, 2, 8),
(6, 200, 114, 9, 3, 6),
(6, 200, 118, 9, 2, 8),
(6, 200, 118, 9, 3, 6),
(6, 200, 120, 9, 2, 8),
(6, 200, 120, 9, 3, 10),
(6, 200, 122, 9, 2, 8),
(6, 200, 122, 9, 3, 10),
(6, 205, 111, 3, 2, 7),
(6, 205, 111, 23, 2, 7),
(6, 205, 112, 3, 2, 6),
(6, 205, 112, 23, 2, 6),
(6, 205, 113, 3, 2, 7),
(6, 205, 113, 23, 2, 7),
(6, 205, 115, 3, 2, 6),
(6, 205, 115, 23, 2, 5),
(6, 205, 116, 3, 2, 8),
(6, 205, 116, 23, 2, 8),
(6, 205, 117, 3, 2, 6),
(6, 205, 117, 23, 2, 6),
(6, 206, 110, 6, 2, 6),
(6, 206, 110, 6, 3, 9),
(6, 206, 111, 6, 2, 8),
(6, 206, 111, 6, 3, 7),
(6, 206, 113, 6, 2, 8),
(6, 206, 113, 6, 3, 8),
(6, 206, 115, 6, 2, 8),
(6, 206, 115, 6, 3, 8),
(6, 206, 116, 6, 2, 8),
(6, 206, 116, 6, 3, 8),
(6, 206, 117, 6, 2, 7),
(6, 206, 117, 6, 3, 6),
(6, 206, 118, 6, 2, 8),
(6, 206, 118, 6, 3, 8),
(6, 206, 119, 6, 2, 5),
(6, 206, 119, 6, 3, 8),
(6, 206, 120, 6, 2, 8),
(6, 206, 120, 6, 3, 9),
(6, 206, 121, 6, 2, 8),
(6, 206, 121, 6, 3, 8),
(6, 206, 122, 6, 2, 7),
(6, 206, 122, 6, 3, 9),
(6, 207, 110, 21, 2, 5),
(6, 207, 111, 21, 2, 7),
(6, 207, 112, 21, 2, 7),
(6, 207, 113, 21, 2, 6),
(6, 207, 114, 21, 2, 5),
(6, 207, 116, 21, 2, 8),
(6, 207, 117, 21, 2, 5),
(6, 207, 118, 21, 2, 7),
(6, 207, 119, 21, 2, 5),
(6, 207, 120, 21, 2, 9),
(6, 207, 121, 21, 2, 5),
(6, 207, 122, 21, 2, 8),
(6, 208, 110, 7, 2, 6),
(6, 208, 111, 7, 2, 7),
(6, 208, 112, 7, 2, 7),
(6, 208, 113, 7, 2, 5),
(6, 208, 114, 7, 2, 7),
(6, 208, 115, 7, 2, 6),
(6, 208, 116, 7, 2, 6),
(6, 208, 117, 7, 2, 5),
(6, 208, 118, 7, 2, 6),
(6, 208, 119, 7, 2, 5),
(6, 208, 120, 7, 2, 8),
(6, 208, 121, 7, 2, 5),
(6, 208, 122, 7, 2, 7),
(7, 1, 7, 1, 2, 6),
(7, 1, 8, 1, 2, 5),
(7, 1, 168, 1, 1, 9),
(7, 1, 168, 1, 2, 9),
(7, 1, 168, 1, 3, 1),
(7, 1, 168, 1, 4, 2),
(7, 2, 7, 1, 2, 6),
(7, 2, 8, 1, 2, 6),
(7, 2, 168, 1, 1, 8),
(7, 2, 168, 1, 2, 6),
(7, 2, 168, 1, 3, 10),
(7, 2, 168, 1, 4, 3),
(7, 116, 3, 2, 2, 5),
(7, 116, 7, 2, 2, 6),
(7, 116, 8, 2, 2, 7),
(7, 116, 168, 2, 1, 7),
(7, 116, 168, 2, 2, 5),
(7, 116, 168, 2, 3, 1),
(7, 117, 7, 4, 2, 6),
(7, 117, 8, 4, 2, 6),
(7, 117, 168, 4, 1, 8),
(7, 117, 168, 4, 5, 8),
(7, 118, 7, 5, 2, 6),
(7, 118, 8, 5, 2, 5),
(7, 118, 168, 5, 1, 8),
(9, 104, 47, 15, 2, 5),
(9, 104, 49, 15, 2, 8),
(9, 104, 51, 15, 2, 7),
(9, 104, 53, 15, 2, 7),
(9, 104, 56, 15, 2, 5),
(9, 104, 57, 15, 2, 8),
(9, 104, 58, 15, 2, 5),
(9, 104, 61, 15, 2, 8),
(9, 105, 49, 15, 2, 8),
(9, 105, 51, 15, 2, 7),
(9, 105, 53, 15, 2, 7),
(9, 105, 57, 15, 2, 7),
(9, 105, 58, 15, 2, 5),
(9, 105, 61, 15, 2, 8),
(9, 106, 49, 15, 2, 8),
(9, 106, 51, 15, 2, 6),
(9, 106, 53, 15, 2, 6),
(9, 106, 56, 15, 2, 5),
(9, 106, 57, 15, 2, 7),
(9, 106, 61, 15, 2, 8),
(9, 108, 49, 15, 2, 7),
(9, 108, 51, 15, 2, 8),
(9, 108, 53, 15, 2, 7),
(9, 108, 57, 15, 2, 8),
(9, 108, 58, 15, 2, 5),
(9, 108, 61, 15, 2, 8),
(9, 111, 49, 16, 2, 5),
(9, 111, 51, 16, 2, 5),
(9, 111, 53, 16, 2, 6),
(9, 111, 56, 16, 2, 5),
(9, 111, 57, 16, 2, 8),
(9, 111, 58, 16, 2, 5),
(9, 111, 61, 16, 2, 8),
(9, 112, 49, 16, 2, 5),
(9, 112, 51, 16, 2, 5),
(9, 112, 53, 16, 2, 6),
(9, 112, 56, 16, 2, 5),
(9, 112, 57, 16, 2, 8),
(9, 112, 61, 16, 2, 8),
(9, 113, 49, 13, 2, 5),
(9, 113, 49, 19, 2, 5),
(9, 113, 51, 13, 2, 5),
(9, 113, 51, 19, 2, 5),
(9, 113, 53, 13, 2, 7),
(9, 113, 53, 19, 2, 7),
(9, 113, 56, 13, 2, 5),
(9, 113, 56, 19, 2, 5),
(9, 113, 57, 13, 2, 7),
(9, 113, 57, 19, 2, 7),
(9, 113, 58, 13, 2, 5),
(9, 113, 58, 19, 2, 5),
(9, 113, 61, 13, 2, 8),
(9, 113, 61, 19, 2, 8);

-- --------------------------------------------------------

--
-- Estructura de tabla para la tabla `ies_profesor`
--

CREATE TABLE `ies_profesor` (
  `id` int(3) NOT NULL,
  `usuario` varchar(20) NOT NULL,
  `pass` varchar(60) NOT NULL,
  `nombre` varchar(100) NOT NULL,
  `apellidos` varchar(100) NOT NULL,
  `email` varchar(100) NOT NULL,
  `tutor_curso` int(3) NOT NULL DEFAULT 0,
  `ultimo_login` varchar(20) NOT NULL
) ENGINE=InnoDB DEFAULT CHARSET=utf8;

--
-- Volcado de datos para la tabla `ies_profesor`
--

INSERT INTO `ies_profesor` (`id`, `usuario`, `pass`, `nombre`, `apellidos`, `email`, `tutor_curso`, `ultimo_login`) VALUES
(1, 'amador', '$2y$10$S.vC.Z3Xbhn2XD27zsSaSeChiZ05TZhpOC7PqiqVljQS636jzvGua', 'Amador', 'Campos Aznar', 'amador.campos@iesalandalus.org', 7, '17/04/21 a las 20:22'),
(2, 'alejandro', '$2y$10$S.vC.Z3Xbhn2XD27zsSaSeChiZ05TZhpOC7PqiqVljQS636jzvGua', 'Alejandro', 'Cardona Mena', '', 7, '10/04/21 a las 13:42'),
(3, 'alberto', '$2y$10$S.vC.Z3Xbhn2XD27zsSaSeChiZ05TZhpOC7PqiqVljQS636jzvGua', 'Alberto', 'Gordillo Fernández', '', 6, '13/03/21 a las 14:14'),
(4, 'blanca', '$2y$10$S.vC.Z3Xbhn2XD27zsSaSeChiZ05TZhpOC7PqiqVljQS636jzvGua', 'Blanca', 'Lebrón García', '', 7, '30/11/20 a las 20:33'),
(5, 'elisa', '$2y$10$S.vC.Z3Xbhn2XD27zsSaSeChiZ05TZhpOC7PqiqVljQS636jzvGua', 'Elisa', 'María Cobo Jiménez', '', 8, '28/11/20 a las 18:45'),
(6, 'francisco', '$2y$10$S.vC.Z3Xbhn2XD27zsSaSeChiZ05TZhpOC7PqiqVljQS636jzvGua', 'Francisco', 'Cortes Sánchez', '', 2, ''),
(7, 'gloria', '$2y$10$S.vC.Z3Xbhn2XD27zsSaSeChiZ05TZhpOC7PqiqVljQS636jzvGua', 'Gloria Concepción', 'Alcántara Villén', '', 0, '28/11/20 a las 19:01'),
(8, 'inma', '$2y$10$S.vC.Z3Xbhn2XD27zsSaSeChiZ05TZhpOC7PqiqVljQS636jzvGua', 'Inmaculada', 'Bellido Rodríguez', '', 1, '10/04/21 a las 22:59'),
(9, 'juan', '$2y$10$S.vC.Z3Xbhn2XD27zsSaSeChiZ05TZhpOC7PqiqVljQS636jzvGua', 'Juan Urbano Óscar', 'Jiménez Carrillo', '', 0, ''),
(10, 'lidia', '$2y$10$S.vC.Z3Xbhn2XD27zsSaSeChiZ05TZhpOC7PqiqVljQS636jzvGua', 'Lidia', 'Hidalgo Antequera', '', 0, ''),
(11, 'maite', '$2y$10$S.vC.Z3Xbhn2XD27zsSaSeChiZ05TZhpOC7PqiqVljQS636jzvGua', 'Maite', 'Jiménez Morcillo', 'maitejm74@gmail.com', 5, ''),
(12, 'carmen', '$2y$10$S.vC.Z3Xbhn2XD27zsSaSeChiZ05TZhpOC7PqiqVljQS636jzvGua', 'María del Carmen', 'Molina García', '', 8, ''),
(13, 'maria', '$2y$10$S.vC.Z3Xbhn2XD27zsSaSeChiZ05TZhpOC7PqiqVljQS636jzvGua', 'María José', 'Ruano Moya', '', 0, '30/01/21 a las 19:39'),
(14, 'msalbar906', '$2y$10$S.vC.Z3Xbhn2XD27zsSaSeChiZ05TZhpOC7PqiqVljQS636jzvGua', 'María Isabel', 'Salinas Barroso', '', 0, ''),
(15, 'natividad', '$2y$10$S.vC.Z3Xbhn2XD27zsSaSeChiZ05TZhpOC7PqiqVljQS636jzvGua', 'María Natividad', 'Sánchez Moreno', '', 9, ''),
(16, 'nuria', '$2y$10$S.vC.Z3Xbhn2XD27zsSaSeChiZ05TZhpOC7PqiqVljQS636jzvGua', 'Nuria', 'Codina Puerta', '', 0, ''),
(17, 'nuraie', '$2y$10$S.vC.Z3Xbhn2XD27zsSaSeChiZ05TZhpOC7PqiqVljQS636jzvGua', 'Nuria', 'Estévez Caparrós', '', 0, ''),
(18, 'pablo', '$2y$10$S.vC.Z3Xbhn2XD27zsSaSeChiZ05TZhpOC7PqiqVljQS636jzvGua', 'Pablo', 'López Cardenete', '', 1, ''),
(19, 'patricia', '$2y$10$S.vC.Z3Xbhn2XD27zsSaSeChiZ05TZhpOC7PqiqVljQS636jzvGua', 'Patricia', 'Lucena López', '', 3, ''),
(21, 'luis', '$2y$10$S.vC.Z3Xbhn2XD27zsSaSeChiZ05TZhpOC7PqiqVljQS636jzvGua', 'Luis', 'Ayala Ortega', '', 0, ''),
(22, 'rocio', '$2y$10$S.vC.Z3Xbhn2XD27zsSaSeChiZ05TZhpOC7PqiqVljQS636jzvGua', 'Rocío Elena', 'García Borja', '', 0, ''),
(23, 'salvador', '$2y$10$S.vC.Z3Xbhn2XD27zsSaSeChiZ05TZhpOC7PqiqVljQS636jzvGua', 'Salvador', 'Domínguez Palomo', '', 0, ''),
(24, 'mariadelmar', '$2y$10$S.vC.Z3Xbhn2XD27zsSaSeChiZ05TZhpOC7PqiqVljQS636jzvGua', 'María del Mar', 'Sánchez Sánchez', '', 10, ''),
(25, 'helena', '$2y$10$S.vC.Z3Xbhn2XD27zsSaSeChiZ05TZhpOC7PqiqVljQS636jzvGua', 'Helena Mª', 'Porcel Sánchez', '', 0, ''),
(26, 'admin', '$2y$10$yphZ7LYZ7bzwPD.QWY/0XO8GkWwF9lyMiyg47OYplNtEgLJud/QD6', 'admin', 'admin', 'admin@iesalandalus.org', 0, '31/01/21 a las 16:07');

-- --------------------------------------------------------

--
-- Estructura de tabla para la tabla `ies_trimestres`
--

CREATE TABLE `ies_trimestres` (
  `id` int(2) NOT NULL,
  `nombre` varchar(100) NOT NULL,
  `nombre2` varchar(50) NOT NULL,
  `orden` int(2) NOT NULL
) ENGINE=InnoDB DEFAULT CHARSET=utf8;

--
-- Volcado de datos para la tabla `ies_trimestres`
--

INSERT INTO `ies_trimestres` (`id`, `nombre`, `nombre2`, `orden`) VALUES
(1, '1er Trimestre', '1ª Evaluación', 1),
(2, '2º Trimestre', '2ª Evaluación', 2),
(3, '3er Trimestre', '3ª Evaluación', 3),
(4, '1ª Final / Ordinaria', '1ª Final / Ordinaria. 3ª Evaluación', 4),
(5, '2ª Final / Extraordinaria', '2ª Final / Ordinaria. 3ª Evaluación', 5);

--
-- Índices para tablas volcadas
--

--
-- Indices de la tabla `ies_alumno`
--
ALTER TABLE `ies_alumno`
  ADD PRIMARY KEY (`id`),
  ADD UNIQUE KEY `usuario` (`usuario`);

--
-- Indices de la tabla `ies_asignatura`
--
ALTER TABLE `ies_asignatura`
  ADD PRIMARY KEY (`id`);

--
-- Indices de la tabla `ies_avisosmeteo`
--
ALTER TABLE `ies_avisosmeteo`
  ADD PRIMARY KEY (`id`);

--
-- Indices de la tabla `ies_curso`
--
ALTER TABLE `ies_curso`
  ADD PRIMARY KEY (`id`);

--
-- Indices de la tabla `ies_incidencias`
--
ALTER TABLE `ies_incidencias`
  ADD PRIMARY KEY (`id`);

--
-- Indices de la tabla `ies_log_incidencias`
--
ALTER TABLE `ies_log_incidencias`
  ADD PRIMARY KEY (`id`);

--
-- Indices de la tabla `ies_notas`
--
ALTER TABLE `ies_notas`
  ADD PRIMARY KEY (`curso`,`asignatura`,`alumno`,`profesor`,`trimestre`);

--
-- Indices de la tabla `ies_profesor`
--
ALTER TABLE `ies_profesor`
  ADD PRIMARY KEY (`id`);

--
-- Indices de la tabla `ies_trimestres`
--
ALTER TABLE `ies_trimestres`
  ADD PRIMARY KEY (`id`);

--
-- AUTO_INCREMENT de las tablas volcadas
--

--
-- AUTO_INCREMENT de la tabla `ies_alumno`
--
ALTER TABLE `ies_alumno`
  MODIFY `id` int(3) NOT NULL AUTO_INCREMENT, AUTO_INCREMENT=176;

--
-- AUTO_INCREMENT de la tabla `ies_avisosmeteo`
--
ALTER TABLE `ies_avisosmeteo`
  MODIFY `id` int(3) NOT NULL AUTO_INCREMENT, AUTO_INCREMENT=3;

--
-- AUTO_INCREMENT de la tabla `ies_incidencias`
--
ALTER TABLE `ies_incidencias`
  MODIFY `id` int(11) NOT NULL AUTO_INCREMENT, AUTO_INCREMENT=15;

--
-- AUTO_INCREMENT de la tabla `ies_log_incidencias`
--
ALTER TABLE `ies_log_incidencias`
  MODIFY `id` int(11) NOT NULL AUTO_INCREMENT, AUTO_INCREMENT=36;
COMMIT;

/*!40101 SET CHARACTER_SET_CLIENT=@OLD_CHARACTER_SET_CLIENT */;
/*!40101 SET CHARACTER_SET_RESULTS=@OLD_CHARACTER_SET_RESULTS */;
/*!40101 SET COLLATION_CONNECTION=@OLD_COLLATION_CONNECTION */;
